"test","seed","opening_size","continuation","branch","seat","policy","ending","winner","score_share","points","turns","seen","placements","claims","hand_turns","held"
"comparison","3516409646","4","","","1","current","win","1","1","8","37","[""hourai_kaguya"",""hourai_mokou"",""hell_hecatia"",""mtn_kanako"",""palace_koishi"",""haku_youmu"",""sage_matara"",""hourai_reisen"",""temple_shou"",""palace_utsuho"",""palace_yuugi"",""medicine"",""yuuka"",""sage_yukari"",""mtn_sanae"",""hourai_eirin""]","{""sage_matara"":1,""hourai_mokou"":1,""hourai_reisen"":1,""palace_utsuho"":1,""palace_yuugi"":1,""palace_koishi"":1,""temple_shou"":1,""medicine"":1,""hourai_kaguya"":1,""hourai_eirin"":1}","{""palace"":1,""hourai"":1}","{""hourai_kaguya"":12,""hourai_mokou"":5,""hell_hecatia"":11,""mtn_kanako"":12,""palace_koishi"":9,""haku_youmu"":8,""sage_matara"":3,""hourai_reisen"":3,""temple_shou"":4,""palace_utsuho"":1,""palace_yuugi"":1,""medicine"":2,""yuuka"":2,""sage_yukari"":2,""mtn_sanae"":1}","[""yuuka"",""sage_yukari"",""mtn_kanako"",""hell_hecatia"",""mtn_sanae""]"
"comparison","3516409646","4","","","2","baseline","win","1","0","3","37","[""temple_nue"",""yuuka"",""hourai_reisen"",""palace_rin"",""sdm_flandre"",""sage_ran"",""haku_yuyuko"",""hell_clownpiece"",""hourai_eirin"",""heaven_iku"",""mtn_sanae"",""sage_mai_satono"",""medicine"",""palace_satori"",""sdm_sakuya"",""hell_komachi"",""sdm_remilia""]","{""sdm_flandre"":1,""temple_nue"":1,""heaven_iku"":1,""sage_ran"":2,""palace_satori"":1,""palace_rin"":1}","{}","{""temple_nue"":2,""yuuka"":2,""hourai_reisen"":2,""palace_rin"":3,""sdm_flandre"":1,""sage_ran"":4,""haku_yuyuko"":1,""hell_clownpiece"":5,""hourai_eirin"":9,""heaven_iku"":2,""mtn_sanae"":1,""sage_mai_satono"":5,""medicine"":2,""palace_satori"":1,""sdm_sakuya"":4,""hell_komachi"":1}","[""sage_mai_satono"",""sdm_sakuya"",""hell_komachi"",""sdm_remilia""]"
"comparison","3516409646","4","","","3","baseline","win","1","0","5","37","[""sdm_remilia"",""hell_eiki"",""heaven_tenshi"",""temple_murasa"",""reimu"",""mtn_suwako"",""mtn_aya"",""marisa"",""temple_byakuren"",""sdm_patchouli"",""mtn_nitori"",""sage_mai_satono"",""sage_kasen"",""sage_matara""]","{""temple_murasa"":1,""marisa"":1,""heaven_tenshi"":1,""sdm_patchouli"":1,""mtn_suwako"":1,""reimu"":1,""sage_kasen"":1,""mtn_aya"":1}","{""heaven"":1,""hakurei"":1}","{""sdm_remilia"":10,""hell_eiki"":6,""heaven_tenshi"":3,""temple_murasa"":1,""reimu"":9,""mtn_suwako"":8,""mtn_aya"":11,""marisa"":1,""temple_byakuren"":8,""sdm_patchouli"":2,""mtn_nitori"":5,""sage_kasen"":3,""sage_matara"":2}","[""mtn_nitori"",""sage_matara"",""temple_byakuren""]"
"comparison","3516409646","4","","","1","baseline","win","3","0","0","31","[""hourai_kaguya"",""hourai_mokou"",""hell_hecatia"",""mtn_kanako"",""palace_koishi"",""haku_youmu"",""sage_matara"",""hourai_reisen"",""sage_mai_satono"",""temple_shou"",""sdm_sakuya"",""sage_kasen"",""palace_utsuho""]","{""hourai_mokou"":1,""hourai_reisen"":1}","{}","{""hourai_kaguya"":9,""hourai_mokou"":4,""hell_hecatia"":9,""mtn_kanako"":9,""palace_koishi"":6,""haku_youmu"":9,""sage_matara"":8,""hourai_reisen"":1,""temple_shou"":3}","[""hell_hecatia"",""mtn_kanako"",""haku_youmu"",""sage_matara"",""temple_shou""]"
"comparison","3516409646","4","","","2","current","win","3","0","3","31","[""temple_nue"",""yuuka"",""hourai_reisen"",""palace_rin"",""sdm_flandre"",""sage_ran"",""haku_yuyuko"",""hell_clownpiece"",""hourai_eirin"",""heaven_iku"",""mtn_sanae"",""medicine"",""hell_komachi"",""hell_eiki"",""sage_yukari""]","{""sdm_flandre"":1,""temple_nue"":1,""heaven_iku"":1,""sage_ran"":1,""sage_yukari"":1,""medicine"":1}","{}","{""temple_nue"":2,""yuuka"":4,""hourai_reisen"":2,""palace_rin"":2,""sdm_flandre"":1,""sage_ran"":3,""haku_yuyuko"":1,""hell_clownpiece"":9,""hourai_eirin"":7,""heaven_iku"":2,""mtn_sanae"":4,""medicine"":3,""hell_komachi"":3,""hell_eiki"":2,""sage_yukari"":1}","[""hell_clownpiece"",""hourai_eirin"",""hell_komachi"",""mtn_sanae"",""hell_eiki"",""yuuka""]"
"comparison","3516409646","4","","","3","baseline","win","3","1","7","31","[""sdm_remilia"",""hell_eiki"",""heaven_tenshi"",""temple_murasa"",""reimu"",""mtn_suwako"",""mtn_aya"",""marisa"",""temple_byakuren"",""mtn_nitori"",""sdm_patchouli"",""palace_satori"",""sage_mai_satono"",""sdm_sakuya"",""sage_yukari"",""sage_kasen"",""palace_rin""]","{""temple_murasa"":1,""marisa"":1,""heaven_tenshi"":1,""mtn_nitori"":1,""sdm_patchouli"":1,""sdm_remilia"":1,""palace_satori"":1,""sdm_sakuya"":1,""sage_kasen"":1}","{""heaven"":1,""sdm"":1}","{""sdm_remilia"":7,""hell_eiki"":4,""heaven_tenshi"":3,""temple_murasa"":1,""reimu"":8,""mtn_suwako"":8,""mtn_aya"":10,""marisa"":1,""temple_byakuren"":7,""mtn_nitori"":1,""sdm_patchouli"":2,""palace_satori"":3,""sage_mai_satono"":4,""sdm_sakuya"":2,""sage_yukari"":2,""sage_kasen"":2,""palace_rin"":2}","[""mtn_aya"",""temple_byakuren"",""sage_mai_satono"",""sage_yukari"",""palace_rin""]"
"comparison","3516409646","4","","","1","current","win","1","1","8","31","[""hourai_kaguya"",""hourai_mokou"",""hell_hecatia"",""mtn_kanako"",""palace_koishi"",""haku_youmu"",""sage_matara"",""hourai_reisen"",""temple_shou"",""palace_yuugi"",""yuuka"",""mtn_sanae"",""sage_kasen""]","{""sage_matara"":1,""hourai_mokou"":1,""hourai_reisen"":1,""palace_yuugi"":1,""mtn_sanae"":1,""palace_koishi"":1,""mtn_kanako"":1}","{""palace"":1,""mountain"":1}","{""hourai_kaguya"":10,""hourai_mokou"":5,""hell_hecatia"":8,""mtn_kanako"":10,""palace_koishi"":9,""haku_youmu"":8,""sage_matara"":3,""hourai_reisen"":3,""temple_shou"":2,""yuuka"":2,""mtn_sanae"":1,""sage_kasen"":1}","[""hourai_kaguya"",""yuuka"",""sage_kasen""]"
"comparison","3516409646","4","","","2","current","win","1","0","3","31","[""temple_nue"",""yuuka"",""hourai_reisen"",""palace_rin"",""sdm_flandre"",""sage_ran"",""haku_yuyuko"",""hell_clownpiece"",""hourai_eirin"",""heaven_iku"",""mtn_sanae"",""sage_mai_satono"",""medicine"",""palace_satori"",""sdm_sakuya""]","{""sdm_flandre"":1,""temple_nue"":1,""heaven_iku"":1,""sage_ran"":1,""palace_satori"":1,""palace_rin"":1}","{}","{""temple_nue"":2,""yuuka"":2,""hourai_reisen"":2,""palace_rin"":3,""sdm_flandre"":1,""sage_ran"":3,""haku_yuyuko"":1,""hell_clownpiece"":5,""hourai_eirin"":7,""heaven_iku"":2,""mtn_sanae"":1,""sage_mai_satono"":3,""medicine"":2,""palace_satori"":1,""sdm_sakuya"":1}","[""hourai_eirin"",""sage_mai_satono"",""sdm_sakuya"",""hourai_reisen""]"
"comparison","3516409646","4","","","3","baseline","win","1","0","3","31","[""sdm_remilia"",""hell_eiki"",""heaven_tenshi"",""temple_murasa"",""reimu"",""mtn_suwako"",""mtn_aya"",""marisa"",""temple_byakuren"",""sdm_patchouli"",""mtn_nitori"",""sage_mai_satono"",""hell_hecatia"",""sage_yukari""]","{""temple_murasa"":1,""marisa"":1,""heaven_tenshi"":1,""sdm_patchouli"":1,""mtn_nitori"":1,""mtn_suwako"":1}","{""heaven"":1}","{""sdm_remilia"":9,""hell_eiki"":6,""heaven_tenshi"":3,""temple_murasa"":1,""reimu"":9,""mtn_suwako"":9,""mtn_aya"":9,""marisa"":1,""temple_byakuren"":6,""sdm_patchouli"":2,""mtn_nitori"":1,""hell_hecatia"":2,""sage_yukari"":1}","[""sdm_remilia"",""reimu"",""mtn_aya"",""temple_byakuren"",""hell_hecatia"",""sage_yukari""]"
"comparison","3516409646","4","","","1","baseline","win","3","0","0","27","[""hourai_kaguya"",""hourai_mokou"",""hell_hecatia"",""mtn_kanako"",""palace_koishi"",""haku_youmu"",""sage_matara"",""hourai_reisen"",""sage_ran"",""sage_mai_satono"",""temple_shou"",""palace_rin"",""sdm_flandre"",""sage_yukari"",""sdm_remilia"",""haku_yuyuko""]","{""hourai_mokou"":1,""hourai_reisen"":1,""sage_ran"":1,""temple_shou"":1,""palace_rin"":1}","{}","{""hourai_kaguya"":8,""hourai_mokou"":4,""hell_hecatia"":8,""mtn_kanako"":8,""palace_koishi"":6,""haku_youmu"":8,""sage_matara"":7,""hourai_reisen"":2,""sage_ran"":1,""temple_shou"":1,""palace_rin"":1,""sdm_flandre"":1,""sage_yukari"":1,""sdm_remilia"":1}","[""hourai_kaguya"",""mtn_kanako"",""haku_youmu"",""sage_matara"",""hell_hecatia"",""hourai_reisen"",""sdm_flandre"",""sage_yukari"",""sdm_remilia"",""haku_yuyuko""]"
"comparison","3516409646","4","","","2","baseline","win","3","0","2","27","[""temple_nue"",""yuuka"",""hourai_reisen"",""palace_rin"",""sdm_flandre"",""sage_ran"",""haku_yuyuko"",""hell_clownpiece"",""hourai_eirin"",""heaven_iku"",""mtn_sanae"",""sdm_patchouli"",""sage_mai_satono"",""medicine""]","{""sdm_flandre"":1,""temple_nue"":1,""heaven_iku"":1,""sdm_patchouli"":1,""mtn_sanae"":1}","{}","{""temple_nue"":2,""yuuka"":2,""hourai_reisen"":2,""palace_rin"":2,""sdm_flandre"":1,""sage_ran"":2,""haku_yuyuko"":1,""hell_clownpiece"":8,""hourai_eirin"":3,""heaven_iku"":2,""mtn_sanae"":2,""sdm_patchouli"":1,""sage_mai_satono"":2,""medicine"":1}","[""hell_clownpiece"",""sage_mai_satono"",""medicine"",""yuuka""]"
"comparison","3516409646","4","","","3","current","win","3","1","7","27","[""sdm_remilia"",""hell_eiki"",""heaven_tenshi"",""temple_murasa"",""reimu"",""mtn_suwako"",""mtn_aya"",""marisa"",""temple_byakuren"",""mtn_nitori"",""medicine"",""sdm_sakuya"",""palace_utsuho""]","{""temple_murasa"":1,""marisa"":1,""heaven_tenshi"":1,""mtn_nitori"":1,""mtn_suwako"":1,""temple_byakuren"":1,""mtn_aya"":1}","{""heaven"":1,""mountain"":1}","{""sdm_remilia"":6,""hell_eiki"":4,""heaven_tenshi"":3,""temple_murasa"":1,""reimu"":6,""mtn_suwako"":5,""mtn_aya"":8,""marisa"":1,""temple_byakuren"":3,""medicine"":2,""sdm_sakuya"":2,""palace_utsuho"":1}","[""sdm_sakuya"",""palace_utsuho""]"
"comparison","3516409646","4","","","1","current","win","2","0","5","23","[""hourai_kaguya"",""hourai_mokou"",""hell_hecatia"",""mtn_kanako"",""palace_koishi"",""haku_youmu"",""sage_matara"",""hourai_reisen"",""sdm_patchouli"",""medicine"",""hourai_eirin""]","{""sage_matara"":1,""hourai_mokou"":1,""hourai_kaguya"":1,""hourai_reisen"":1,""hourai_eirin"":1}","{""hourai"":1}","{""hourai_kaguya"":7,""hourai_mokou"":5,""hell_hecatia"":7,""mtn_kanako"":7,""palace_koishi"":4,""haku_youmu"":7,""sage_matara"":3,""hourai_reisen"":3,""medicine"":2,""hourai_eirin"":1}","[""hell_hecatia"",""mtn_kanako"",""haku_youmu"",""medicine""]"
"comparison","3516409646","4","","","2","baseline","win","2","1","7","23","[""temple_nue"",""yuuka"",""hourai_reisen"",""palace_rin"",""sdm_flandre"",""sage_ran"",""haku_yuyuko"",""hell_clownpiece"",""hourai_eirin"",""heaven_iku"",""mtn_sanae"",""palace_satori"",""sage_mai_satono"",""sdm_sakuya""]","{""sdm_flandre"":1,""temple_nue"":1,""heaven_iku"":1,""sdm_sakuya"":1}","{""sdm"":1}","{""temple_nue"":2,""yuuka"":2,""hourai_reisen"":2,""palace_rin"":2,""sdm_flandre"":1,""sage_ran"":4,""haku_yuyuko"":1,""hell_clownpiece"":6,""hourai_eirin"":3,""heaven_iku"":2,""mtn_sanae"":1,""palace_satori"":2,""sdm_sakuya"":1}","[""sage_ran"",""palace_satori""]"
"comparison","3516409646","4","","","3","current","win","2","0","3","23","[""sdm_remilia"",""hell_eiki"",""heaven_tenshi"",""temple_murasa"",""reimu"",""mtn_suwako"",""mtn_aya"",""marisa"",""temple_byakuren"",""mtn_nitori"",""temple_shou"",""sdm_patchouli"",""hell_komachi"",""sage_mai_satono""]","{""temple_murasa"":1,""marisa"":1,""heaven_tenshi"":1,""mtn_nitori"":1,""sdm_remilia"":1,""sdm_patchouli"":1}","{""heaven"":1}","{""sdm_remilia"":5,""hell_eiki"":4,""heaven_tenshi"":3,""temple_murasa"":1,""reimu"":6,""mtn_suwako"":6,""mtn_aya"":6,""marisa"":1,""temple_byakuren"":3,""temple_shou"":2,""sdm_patchouli"":1,""hell_komachi"":1}","[""reimu"",""mtn_suwako"",""mtn_aya"",""temple_byakuren"",""temple_shou"",""hell_komachi"",""sage_mai_satono""]"
"comparison","3516409646","4","","","1","baseline","win","1","1","7","34","[""hourai_kaguya"",""hourai_mokou"",""hell_hecatia"",""mtn_kanako"",""palace_koishi"",""haku_youmu"",""sage_matara"",""hourai_reisen"",""sage_ran"",""sage_mai_satono"",""temple_shou"",""palace_rin"",""haku_yuyuko"",""yuuka"",""sage_kasen"",""sdm_sakuya""]","{""hourai_mokou"":1,""hourai_reisen"":1,""sage_ran"":1,""temple_shou"":1,""palace_rin"":1,""haku_youmu"":1,""haku_yuyuko"":1,""mtn_kanako"":1}","{""hakugyokurou"":1,""mountain"":1}","{""hourai_kaguya"":11,""hourai_mokou"":4,""hell_hecatia"":9,""mtn_kanako"":11,""palace_koishi"":6,""haku_youmu"":9,""sage_matara"":10,""hourai_reisen"":5,""sage_ran"":1,""temple_shou"":1,""palace_rin"":1,""haku_yuyuko"":1,""yuuka"":2,""sage_kasen"":1,""sdm_sakuya"":1}","[""hourai_kaguya"",""sage_matara"",""hourai_reisen"",""yuuka"",""sage_kasen"",""sdm_sakuya""]"
"comparison","3516409646","4","","","2","current","win","1","0","3","34","[""temple_nue"",""yuuka"",""hourai_reisen"",""palace_rin"",""sdm_flandre"",""sage_ran"",""haku_yuyuko"",""hell_clownpiece"",""hourai_eirin"",""heaven_iku"",""mtn_sanae"",""sdm_patchouli"",""sage_mai_satono"",""medicine"",""reimu"",""hell_komachi""]","{""sdm_flandre"":2,""temple_nue"":1,""heaven_iku"":1,""sdm_patchouli"":1}","{}","{""temple_nue"":2,""yuuka"":2,""hourai_reisen"":2,""palace_rin"":2,""sdm_flandre"":2,""sage_ran"":2,""haku_yuyuko"":1,""hell_clownpiece"":10,""hourai_eirin"":4,""heaven_iku"":2,""mtn_sanae"":1,""sdm_patchouli"":1,""sage_mai_satono"":2,""medicine"":2,""reimu"":1}","[""hell_clownpiece"",""medicine"",""reimu"",""hourai_eirin"",""hell_komachi""]"
"comparison","3516409646","4","","","3","current","win","1","0","3","34","[""sdm_remilia"",""hell_eiki"",""heaven_tenshi"",""temple_murasa"",""reimu"",""mtn_suwako"",""mtn_aya"",""marisa"",""temple_byakuren"",""mtn_nitori"",""medicine"",""sage_yukari"",""sage_ran"",""hourai_mokou"",""hell_hecatia"",""mtn_sanae"",""palace_utsuho"",""palace_satori""]","{""temple_murasa"":1,""marisa"":1,""heaven_tenshi"":1,""mtn_nitori"":1,""mtn_aya"":1,""temple_byakuren"":1,""sage_yukari"":1,""hourai_mokou"":1,""mtn_suwako"":1}","{""heaven"":1}","{""sdm_remilia"":8,""hell_eiki"":4,""heaven_tenshi"":3,""temple_murasa"":1,""reimu"":6,""mtn_suwako"":10,""mtn_aya"":5,""marisa"":1,""temple_byakuren"":3,""medicine"":2,""sage_yukari"":1,""sage_ran"":3,""hourai_mokou"":1,""hell_hecatia"":1,""mtn_sanae"":1,""palace_utsuho"":1,""palace_satori"":1}","[""sage_ran"",""sdm_remilia"",""hell_hecatia"",""mtn_sanae"",""palace_utsuho"",""palace_satori""]"
"comparison","3533187265","5","","","1","current","win","3","0","0","23","[""sage_matara"",""temple_murasa"",""sdm_patchouli"",""mtn_sanae"",""sdm_flandre"",""sage_yukari"",""hell_clownpiece"",""haku_youmu"",""temple_byakuren"",""heaven_tenshi"",""hell_eiki"",""trap_token"",""sage_kasen""]","{""temple_murasa"":1,""sage_matara"":1,""sage_yukari"":1,""mtn_sanae"":1,""temple_byakuren"":1}","{}","{""sage_matara"":2,""temple_murasa"":1,""sdm_patchouli"":2,""mtn_sanae"":4,""sdm_flandre"":2,""sage_yukari"":3,""hell_clownpiece"":4,""haku_youmu"":2,""temple_byakuren"":1,""heaven_tenshi"":1,""hell_eiki"":1,""trap_token"":1}","[""hell_eiki"",""trap_token_1"",""sage_kasen"",""haku_youmu""]"
"comparison","3533187265","5","","","2","baseline","win","3","0","4","23","[""sdm_sakuya"",""sage_ran"",""yuuka"",""mtn_suwako"",""hell_hecatia"",""hourai_kaguya"",""palace_utsuho"",""hell_komachi"",""hell_kutaka"",""mtn_aya"",""sage_matara"",""hourai_reisen"",""hourai_tewi"",""hourai_eirin"",""reimu""]","{""sage_ran"":1,""mtn_aya"":1,""mtn_suwako"":1,""hourai_kaguya"":1,""hourai_reisen"":1,""hourai_tewi"":1,""hourai_eirin"":1}","{""hourai"":1}","{""sdm_sakuya"":2,""sage_ran"":4,""yuuka"":6,""mtn_suwako"":5,""hell_hecatia"":7,""hourai_kaguya"":6,""palace_utsuho"":3,""hell_komachi"":4,""hell_kutaka"":3,""sage_matara"":3,""hourai_reisen"":1,""reimu"":1}","[""hell_hecatia"",""hell_komachi"",""hell_kutaka"",""sage_matara"",""reimu"",""sage_ran""]"
"comparison","3533187265","5","","","3","baseline","win","3","1","8","23","[""marisa"",""reimu"",""temple_shou"",""hell_eiki"",""palace_koishi"",""haku_yuyuko"",""sdm_remilia"",""sdm_patchouli"",""sdm_flandre"",""sdm_sakuya"",""sage_matara"",""hourai_mokou"",""palace_rin"",""hourai_eirin"",""heaven_iku"",""temple_nue"",""medicine"",""mtn_sanae"",""trap_token""]","{""marisa"":1,""sdm_remilia"":1,""sdm_sakuya"":1,""sdm_patchouli"":1,""sdm_flandre"":1,""hourai_mokou"":1,""palace_rin"":1,""heaven_iku"":1}","{""sdm"":1}","{""marisa"":2,""reimu"":5,""temple_shou"":5,""hell_eiki"":5,""palace_koishi"":7,""haku_yuyuko"":5,""sdm_remilia"":2,""sdm_patchouli"":2,""sdm_flandre"":3,""sdm_sakuya"":1,""sage_matara"":1,""hourai_mokou"":1,""palace_rin"":1,""heaven_iku"":2,""temple_nue"":2,""medicine"":2,""mtn_sanae"":2,""trap_token"":2}","[""palace_koishi"",""trap_token_2"",""marisa""]"
"comparison","3533187265","5","","","1","baseline","win","3","0","1","20","[""sage_matara"",""temple_murasa"",""sdm_patchouli"",""mtn_sanae"",""sdm_flandre"",""sage_yukari"",""hell_clownpiece"",""hell_komachi"",""temple_nue"",""haku_yuyuko"",""hell_kutaka"",""temple_byakuren"",""palace_satori"",""mtn_suwako""]","{""temple_murasa"":1,""sdm_flandre"":1,""mtn_sanae"":1,""temple_nue"":1,""palace_satori"":1}","{}","{""sage_matara"":4,""temple_murasa"":1,""sdm_patchouli"":2,""mtn_sanae"":3,""sdm_flandre"":2,""sage_yukari"":2,""hell_clownpiece"":5,""hell_komachi"":3,""temple_nue"":1,""haku_yuyuko"":1,""hell_kutaka"":1,""temple_byakuren"":1,""palace_satori"":1}","[""hell_komachi"",""hell_kutaka"",""temple_byakuren"",""mtn_suwako""]"
"comparison","3533187265","5","","","2","current","win","3","0","2","20","[""sdm_sakuya"",""sage_ran"",""yuuka"",""mtn_suwako"",""hell_hecatia"",""hourai_kaguya"",""palace_utsuho"",""haku_youmu"",""palace_rin"",""sage_yukari"",""haku_yuyuko""]","{""sage_ran"":1,""palace_rin"":1,""sage_yukari"":1,""haku_yuyuko"":1}","{}","{""sdm_sakuya"":2,""sage_ran"":3,""yuuka"":6,""mtn_suwako"":5,""hell_hecatia"":6,""hourai_kaguya"":6,""palace_utsuho"":5,""haku_youmu"":3,""palace_rin"":1,""sage_yukari"":1,""haku_yuyuko"":1}","[""hourai_kaguya"",""palace_utsuho"",""haku_youmu""]"
"comparison","3533187265","5","","","3","baseline","win","3","1","7","20","[""marisa"",""reimu"",""temple_shou"",""hell_eiki"",""palace_koishi"",""haku_yuyuko"",""sdm_remilia"",""sdm_meiling"",""sdm_patchouli"",""sdm_sakuya"",""medicine"",""sage_kasen"",""hourai_reisen"",""sage_yukari"",""sage_matara""]","{""marisa"":1,""sdm_remilia"":1,""sdm_sakuya"":1,""sdm_patchouli"":1,""sage_kasen"":1}","{""sdm"":1,""hakugyokurou"":1}","{""marisa"":1,""reimu"":5,""temple_shou"":2,""hell_eiki"":5,""palace_koishi"":5,""haku_yuyuko"":5,""sdm_remilia"":2,""sdm_meiling"":3,""sdm_patchouli"":2,""sdm_sakuya"":1,""sage_kasen"":2,""hourai_reisen"":1,""sage_yukari"":1,""sage_matara"":1}","[""sage_yukari"",""sage_matara""]"
"comparison","3533187265","5","","","1","current","win","3","0","0","23","[""sage_matara"",""temple_murasa"",""sdm_patchouli"",""mtn_sanae"",""sdm_flandre"",""sage_yukari"",""hell_clownpiece"",""haku_youmu"",""temple_byakuren"",""hourai_mokou"",""hell_kutaka"",""reimu"",""mtn_kanako"",""hell_hecatia"",""trap_token""]","{""temple_murasa"":1,""sage_matara"":1,""sage_yukari"":1,""mtn_sanae"":1,""temple_byakuren"":1}","{}","{""sage_matara"":2,""temple_murasa"":1,""sdm_patchouli"":2,""mtn_sanae"":4,""sdm_flandre"":2,""sage_yukari"":3,""hell_clownpiece"":4,""haku_youmu"":2,""temple_byakuren"":1,""hourai_mokou"":1,""reimu"":2,""mtn_kanako"":1}","[""reimu"",""mtn_kanako"",""hell_hecatia"",""trap_token_1""]"
"comparison","3533187265","5","","","2","current","win","3","0","0","23","[""sdm_sakuya"",""sage_ran"",""yuuka"",""mtn_suwako"",""hell_hecatia"",""hourai_kaguya"",""palace_utsuho"",""hell_komachi"",""heaven_tenshi"",""hourai_eirin"",""hourai_tewi"",""hell_eiki""]","{""hell_hecatia"":1,""sage_ran"":1,""palace_utsuho"":1,""hourai_tewi"":1}","{}","{""sdm_sakuya"":2,""sage_ran"":5,""yuuka"":7,""mtn_suwako"":6,""hell_hecatia"":4,""hourai_kaguya"":7,""palace_utsuho"":5,""hell_komachi"":4,""heaven_tenshi"":3,""hourai_eirin"":2,""hourai_tewi"":1,""hell_eiki"":1}","[""yuuka"",""hourai_kaguya"",""hell_komachi"",""heaven_tenshi"",""hourai_eirin"",""hell_eiki""]"
"comparison","3533187265","5","","","3","baseline","win","3","1","7","23","[""marisa"",""reimu"",""temple_shou"",""hell_eiki"",""palace_koishi"",""haku_yuyuko"",""sdm_remilia"",""sdm_patchouli"",""sdm_flandre"",""sdm_sakuya"",""sage_matara"",""mtn_aya"",""palace_rin"",""palace_satori"",""hourai_mokou"",""trap_token""]","{""marisa"":2,""sdm_remilia"":1,""sdm_sakuya"":1,""sdm_patchouli"":1,""sdm_flandre"":1,""palace_rin"":1}","{""sdm"":1}","{""marisa"":2,""reimu"":5,""temple_shou"":5,""hell_eiki"":5,""palace_koishi"":5,""haku_yuyuko"":5,""sdm_remilia"":2,""sdm_patchouli"":2,""sdm_flandre"":3,""sdm_sakuya"":1,""sage_matara"":1,""mtn_aya"":3,""palace_rin"":1,""palace_satori"":2,""hourai_mokou"":1,""trap_token"":1}","[""mtn_aya"",""palace_satori"",""hourai_mokou"",""trap_token_2""]"
"comparison","3533187265","5","","","1","baseline","win","3","0","1","20","[""sage_matara"",""temple_murasa"",""sdm_patchouli"",""mtn_sanae"",""sdm_flandre"",""sage_yukari"",""hell_clownpiece"",""hell_komachi"",""temple_nue"",""haku_yuyuko"",""hell_kutaka"",""temple_byakuren"",""palace_satori""]","{""temple_murasa"":1,""sdm_flandre"":1,""mtn_sanae"":1,""temple_nue"":1,""palace_satori"":1}","{}","{""sage_matara"":4,""temple_murasa"":1,""sdm_patchouli"":2,""mtn_sanae"":3,""sdm_flandre"":2,""sage_yukari"":2,""hell_clownpiece"":5,""hell_komachi"":3,""temple_nue"":1,""haku_yuyuko"":1,""hell_kutaka"":1,""temple_byakuren"":1,""palace_satori"":1}","[""temple_byakuren"",""sage_yukari""]"
"comparison","3533187265","5","","","2","baseline","win","3","0","0","20","[""sdm_sakuya"",""sage_ran"",""yuuka"",""mtn_suwako"",""hell_hecatia"",""hourai_kaguya"",""palace_utsuho"",""haku_youmu"",""palace_rin"",""sage_yukari"",""medicine""]","{""sage_ran"":1,""palace_rin"":1,""mtn_suwako"":1,""medicine"":1}","{}","{""sdm_sakuya"":2,""sage_ran"":3,""yuuka"":6,""mtn_suwako"":5,""hell_hecatia"":6,""hourai_kaguya"":6,""palace_utsuho"":5,""haku_youmu"":3,""palace_rin"":1,""sage_yukari"":1,""medicine"":1}","[""yuuka"",""hell_hecatia"",""hourai_kaguya"",""palace_utsuho"",""haku_youmu""]"
"comparison","3533187265","5","","","3","current","win","3","1","7","20","[""marisa"",""reimu"",""temple_shou"",""hell_eiki"",""palace_koishi"",""haku_yuyuko"",""sdm_remilia"",""sdm_meiling"",""sdm_patchouli"",""sdm_sakuya"",""medicine"",""sage_kasen"",""hourai_reisen"",""sage_matara""]","{""marisa"":1,""sdm_remilia"":1,""sdm_sakuya"":1,""sdm_patchouli"":1,""sage_matara"":1}","{""sdm"":1}","{""marisa"":1,""reimu"":5,""temple_shou"":2,""hell_eiki"":5,""palace_koishi"":5,""haku_yuyuko"":5,""sdm_remilia"":2,""sdm_meiling"":3,""sdm_patchouli"":2,""sdm_sakuya"":1,""sage_kasen"":2,""hourai_reisen"":2,""sage_matara"":1}","[]"
"comparison","3533187265","5","","","1","current","win","3","0","0","23","[""sage_matara"",""temple_murasa"",""sdm_patchouli"",""mtn_sanae"",""sdm_flandre"",""sage_yukari"",""hell_clownpiece"",""haku_youmu"",""temple_byakuren"",""heaven_tenshi"",""hell_eiki"",""trap_token"",""sage_kasen""]","{""temple_murasa"":1,""sage_matara"":1,""sage_yukari"":1,""mtn_sanae"":1,""temple_byakuren"":1}","{}","{""sage_matara"":2,""temple_murasa"":1,""sdm_patchouli"":2,""mtn_sanae"":4,""sdm_flandre"":2,""sage_yukari"":3,""hell_clownpiece"":4,""haku_youmu"":2,""temple_byakuren"":1,""heaven_tenshi"":1,""hell_eiki"":1,""trap_token"":1}","[""hell_eiki"",""trap_token_1"",""sage_kasen"",""haku_youmu""]"
"comparison","3533187265","5","","","2","baseline","win","3","0","4","23","[""sdm_sakuya"",""sage_ran"",""yuuka"",""mtn_suwako"",""hell_hecatia"",""hourai_kaguya"",""palace_utsuho"",""hell_komachi"",""hell_kutaka"",""mtn_aya"",""sage_matara"",""hourai_reisen"",""hourai_tewi"",""hourai_eirin"",""reimu""]","{""sage_ran"":1,""mtn_aya"":1,""mtn_suwako"":1,""hourai_kaguya"":1,""hourai_reisen"":1,""hourai_tewi"":1,""hourai_eirin"":1}","{""hourai"":1}","{""sdm_sakuya"":2,""sage_ran"":4,""yuuka"":6,""mtn_suwako"":5,""hell_hecatia"":7,""hourai_kaguya"":6,""palace_utsuho"":3,""hell_komachi"":4,""hell_kutaka"":3,""sage_matara"":3,""hourai_reisen"":1,""reimu"":1}","[""hell_hecatia"",""hell_komachi"",""hell_kutaka"",""sage_matara"",""reimu"",""sage_ran""]"
"comparison","3533187265","5","","","3","current","win","3","1","8","23","[""marisa"",""reimu"",""temple_shou"",""hell_eiki"",""palace_koishi"",""haku_yuyuko"",""sdm_remilia"",""sdm_patchouli"",""sdm_flandre"",""sdm_sakuya"",""sage_matara"",""hourai_mokou"",""palace_rin"",""hourai_eirin"",""heaven_iku"",""temple_nue"",""medicine"",""mtn_sanae"",""trap_token""]","{""marisa"":1,""sdm_remilia"":1,""sdm_sakuya"":1,""sdm_patchouli"":1,""sdm_flandre"":1,""hourai_mokou"":1,""palace_rin"":1,""heaven_iku"":1}","{""sdm"":1}","{""marisa"":2,""reimu"":5,""temple_shou"":5,""hell_eiki"":5,""palace_koishi"":7,""haku_yuyuko"":5,""sdm_remilia"":2,""sdm_patchouli"":2,""sdm_flandre"":3,""sdm_sakuya"":1,""sage_matara"":1,""hourai_mokou"":1,""palace_rin"":1,""heaven_iku"":2,""temple_nue"":2,""medicine"":2,""mtn_sanae"":2,""trap_token"":2}","[""palace_koishi"",""trap_token_2"",""marisa""]"
"comparison","3533187265","5","","","1","baseline","win","3","0","1","20","[""sage_matara"",""temple_murasa"",""sdm_patchouli"",""mtn_sanae"",""sdm_flandre"",""sage_yukari"",""hell_clownpiece"",""hell_komachi"",""temple_nue"",""haku_yuyuko"",""hell_kutaka"",""temple_byakuren"",""hourai_mokou""]","{""temple_murasa"":1,""sdm_flandre"":1,""mtn_sanae"":1,""temple_nue"":1}","{}","{""sage_matara"":4,""temple_murasa"":1,""sdm_patchouli"":2,""mtn_sanae"":3,""sdm_flandre"":2,""sage_yukari"":2,""hell_clownpiece"":5,""hell_komachi"":3,""temple_nue"":1,""haku_yuyuko"":1,""hell_kutaka"":1,""temple_byakuren"":1}","[""hell_clownpiece"",""hell_komachi"",""hell_kutaka"",""temple_byakuren"",""sage_matara"",""hourai_mokou""]"
"comparison","3533187265","5","","","2","current","win","3","0","0","20","[""sdm_sakuya"",""sage_ran"",""yuuka"",""mtn_suwako"",""hell_hecatia"",""hourai_kaguya"",""palace_utsuho"",""haku_youmu"",""palace_rin"",""sage_yukari"",""haku_yuyuko"",""medicine""]","{""sage_ran"":1,""palace_rin"":1,""sage_yukari"":1,""haku_youmu"":1}","{}","{""sdm_sakuya"":2,""sage_ran"":3,""yuuka"":6,""mtn_suwako"":6,""hell_hecatia"":6,""hourai_kaguya"":6,""palace_utsuho"":5,""haku_youmu"":3,""palace_rin"":1,""sage_yukari"":1,""haku_yuyuko"":1}","[""yuuka"",""mtn_suwako"",""hell_hecatia"",""hourai_kaguya"",""palace_utsuho"",""haku_yuyuko"",""medicine""]"
"comparison","3533187265","5","","","3","current","win","3","1","7","20","[""marisa"",""reimu"",""temple_shou"",""hell_eiki"",""palace_koishi"",""haku_yuyuko"",""sdm_remilia"",""sdm_meiling"",""sdm_patchouli"",""sdm_sakuya"",""medicine"",""sage_kasen"",""hourai_reisen"",""sage_yukari"",""sage_ran"",""palace_satori"",""hourai_eirin""]","{""marisa"":1,""sdm_remilia"":1,""sdm_sakuya"":1,""sdm_patchouli"":1,""sage_yukari"":1,""sage_kasen"":1}","{""sdm"":1,""hakugyokurou"":1}","{""marisa"":1,""reimu"":5,""temple_shou"":2,""hell_eiki"":5,""palace_koishi"":5,""haku_yuyuko"":5,""sdm_remilia"":2,""sdm_meiling"":3,""sdm_patchouli"":2,""sdm_sakuya"":1,""sage_kasen"":2,""hourai_reisen"":1,""sage_ran"":1,""palace_satori"":1,""hourai_eirin"":1}","[""sage_ran"",""palace_satori"",""hourai_eirin""]"
"comparison","3482854408","4","","","1","current","win","1","1","8","41","[""hell_eiki"",""hourai_kaguya"",""reimu"",""hell_hecatia"",""hell_clownpiece"",""mtn_sanae"",""temple_byakuren"",""hell_kutaka"",""sdm_patchouli"",""palace_rin"",""sage_kasen"",""mtn_kanako"",""sdm_remilia"",""hell_komachi"",""sdm_flandre"",""haku_youmu"",""marisa"",""sage_matara""]","{""hell_hecatia"":2,""hell_eiki"":1,""mtn_sanae"":1,""palace_rin"":1,""sdm_patchouli"":1,""temple_byakuren"":1,""sage_kasen"":2,""sdm_remilia"":1,""haku_youmu"":1,""sage_matara"":1,""sdm_flandre"":1}","{""temple"":1,""hakugyokurou"":1,""heaven"":1}","{""hell_eiki"":2,""hourai_kaguya"":16,""reimu"":2,""hell_hecatia"":2,""hell_clownpiece"":9,""mtn_sanae"":3,""temple_byakuren"":5,""hell_kutaka"":4,""sdm_patchouli"":2,""palace_rin"":2,""sage_kasen"":4,""mtn_kanako"":11,""sdm_remilia"":5,""hell_komachi"":2,""sdm_flandre"":4,""haku_youmu"":3,""marisa"":4,""sage_matara"":1}","[""hourai_kaguya"",""mtn_kanako"",""marisa"",""palace_rin""]"
"comparison","3482854408","4","","","2","baseline","win","1","0","5","41","[""palace_rin"",""heaven_tenshi"",""haku_youmu"",""heaven_iku"",""palace_koishi"",""mtn_suwako"",""sdm_flandre"",""temple_nue"",""medicine"",""yuuka"",""hell_clownpiece"",""sage_matara"",""hourai_eirin"",""palace_satori"",""mtn_aya"",""hell_komachi"",""palace_utsuho"",""haku_yuyuko"",""sage_ran"",""mtn_sanae""]","{""heaven_iku"":1,""sdm_flandre"":1,""temple_nue"":1,""yuuka"":1,""palace_satori"":1,""haku_yuyuko"":1,""mtn_aya"":1}","{}","{""palace_rin"":2,""heaven_tenshi"":6,""haku_youmu"":2,""heaven_iku"":2,""palace_koishi"":3,""mtn_suwako"":6,""sdm_flandre"":2,""temple_nue"":1,""medicine"":1,""yuuka"":1,""hell_clownpiece"":1,""sage_matara"":1,""hourai_eirin"":6,""palace_satori"":1,""mtn_aya"":6,""hell_komachi"":5,""palace_utsuho"":4,""haku_yuyuko"":1,""sage_ran"":2}","[""hell_komachi"",""mtn_suwako"",""palace_utsuho"",""hourai_eirin"",""sage_ran"",""mtn_sanae""]"
"comparison","3482854408","4","","","3","baseline","win","1","0","2","41","[""hourai_mokou"",""sage_kasen"",""mtn_aya"",""sage_yukari"",""temple_shou"",""sdm_sakuya"",""hourai_reisen"",""palace_satori"",""temple_ichirin"",""temple_murasa"",""palace_rin"",""sdm_flandre"",""medicine"",""mtn_sanae"",""hell_kutaka"",""heaven_tenshi"",""sage_mai_satono""]","{""hourai_mokou"":1,""sage_kasen"":2,""palace_satori"":1,""temple_ichirin"":1,""palace_rin"":1,""temple_murasa"":1,""mtn_sanae"":1,""sage_mai_satono"":1,""heaven_tenshi"":1}","{""heaven"":1,""sunflower"":1}","{""hourai_mokou"":1,""sage_kasen"":3,""mtn_aya"":5,""sage_yukari"":8,""temple_shou"":12,""sdm_sakuya"":9,""hourai_reisen"":4,""palace_satori"":1,""temple_ichirin"":1,""temple_murasa"":4,""palace_rin"":1,""sdm_flandre"":2,""medicine"":4,""mtn_sanae"":1,""hell_kutaka"":4,""heaven_tenshi"":2}","[""sdm_sakuya"",""sage_yukari"",""temple_shou""]"
"comparison","3482854408","4","","","1","baseline","win","3","0","0","29","[""hell_eiki"",""hourai_kaguya"",""reimu"",""hell_hecatia"",""hell_clownpiece"",""mtn_sanae"",""hell_kutaka"",""sage_ran"",""mtn_kanako"",""temple_byakuren"",""palace_satori"",""sage_mai_satono"",""temple_nue"",""sage_yukari"",""yuuka"",""mtn_aya"",""palace_rin""]","{""hell_eiki"":1,""sage_ran"":1,""palace_satori"":1,""temple_nue"":1,""hell_clownpiece"":1,""mtn_aya"":1}","{}","{""hell_eiki"":1,""hourai_kaguya"":7,""reimu"":1,""hell_hecatia"":6,""hell_clownpiece"":8,""mtn_sanae"":1,""hell_kutaka"":8,""sage_ran"":1,""mtn_kanako"":6,""temple_byakuren"":5,""palace_satori"":1,""sage_mai_satono"":3,""temple_nue"":1,""sage_yukari"":2,""yuuka"":2,""mtn_aya"":1}","[""hell_kutaka"",""mtn_kanako"",""temple_byakuren"",""sage_mai_satono"",""sage_yukari"",""yuuka"",""palace_rin""]"
"comparison","3482854408","4","","","2","current","win","3","0","6","29","[""palace_rin"",""heaven_tenshi"",""haku_youmu"",""heaven_iku"",""palace_koishi"",""mtn_suwako"",""hell_eiki"",""sage_kasen"",""sdm_remilia"",""sdm_sakuya"",""sage_matara"",""hell_hecatia"",""hourai_reisen"",""palace_utsuho"",""medicine"",""palace_satori""]","{""heaven_tenshi"":1,""palace_rin"":1,""heaven_iku"":1,""sdm_remilia"":1,""sage_matara"":1,""sdm_sakuya"":1,""sage_kasen"":1,""palace_koishi"":1}","{""sdm"":1}","{""palace_rin"":2,""heaven_tenshi"":1,""haku_youmu"":3,""heaven_iku"":3,""palace_koishi"":7,""mtn_suwako"":3,""hell_eiki"":2,""sage_kasen"":3,""sdm_remilia"":1,""sdm_sakuya"":2,""sage_matara"":1,""hourai_reisen"":3,""palace_utsuho"":2,""medicine"":1}","[""hourai_reisen"",""palace_utsuho"",""medicine"",""palace_satori""]"
"comparison","3482854408","4","","","3","baseline","win","3","1","7","29","[""hourai_mokou"",""sage_kasen"",""mtn_aya"",""sage_yukari"",""temple_shou"",""sdm_sakuya"",""sdm_patchouli"",""mtn_sanae"",""hell_komachi"",""hell_eiki"",""sage_mai_satono"",""haku_youmu"",""hourai_eirin"",""hell_hecatia"",""haku_yuyuko"",""mtn_suwako"",""sdm_flandre""]","{""sage_kasen"":2,""hourai_mokou"":1,""sdm_patchouli"":1,""mtn_sanae"":1,""haku_yuyuko"":1,""haku_youmu"":1,""hell_eiki"":1,""sdm_flandre"":1}","{""heaven"":2,""hakugyokurou"":1}","{""hourai_mokou"":2,""sage_kasen"":2,""mtn_aya"":7,""sage_yukari"":6,""temple_shou"":5,""sdm_sakuya"":3,""sdm_patchouli"":2,""mtn_sanae"":3,""hell_komachi"":6,""hell_eiki"":4,""haku_youmu"":3,""hourai_eirin"":2,""hell_hecatia"":3,""haku_yuyuko"":1,""mtn_suwako"":1,""sdm_flandre"":1}","[""hell_hecatia""]"
"comparison","3482854408","4","","","1","current","win","2","0","0","17","[""hell_eiki"",""hourai_kaguya"",""reimu"",""hell_hecatia"",""hell_clownpiece"",""mtn_sanae"",""hell_kutaka"",""temple_byakuren"",""temple_nue"",""sage_ran"",""marisa""]","{""hell_hecatia"":1,""hell_eiki"":1,""hell_clownpiece"":1,""mtn_sanae"":1}","{}","{""hell_eiki"":2,""hourai_kaguya"":6,""reimu"":2,""hell_hecatia"":3,""hell_clownpiece"":3,""mtn_sanae"":4,""hell_kutaka"":4,""temple_byakuren"":2,""temple_nue"":1,""sage_ran"":1}","[""hourai_kaguya"",""hell_kutaka"",""hell_hecatia"",""temple_byakuren"",""temple_nue"",""sage_ran"",""marisa""]"
"comparison","3482854408","4","","","2","current","win","2","1","7","17","[""palace_rin"",""heaven_tenshi"",""haku_youmu"",""heaven_iku"",""palace_koishi"",""mtn_suwako"",""sage_kasen"",""haku_yuyuko"",""sdm_remilia""]","{""heaven_tenshi"":1,""palace_rin"":1,""sage_kasen"":1,""heaven_iku"":1,""haku_yuyuko"":1}","{""hell"":1}","{""palace_rin"":2,""heaven_tenshi"":1,""haku_youmu"":5,""heaven_iku"":4,""palace_koishi"":6,""mtn_suwako"":4,""sage_kasen"":1,""haku_yuyuko"":2,""sdm_remilia"":1}","[""haku_youmu""]"
"comparison","3482854408","4","","","3","baseline","win","2","0","2","17","[""hourai_mokou"",""sage_kasen"",""mtn_aya"",""sage_yukari"",""temple_shou"",""sdm_sakuya"",""sdm_flandre"",""medicine"",""palace_utsuho"",""temple_murasa"",""sage_matara""]","{""sage_kasen"":1,""hourai_mokou"":1,""sdm_flandre"":1,""temple_murasa"":1}","{""heaven"":1}","{""hourai_mokou"":2,""sage_kasen"":1,""mtn_aya"":3,""sage_yukari"":5,""temple_shou"":5,""sdm_sakuya"":5,""sdm_flandre"":1,""medicine"":1,""palace_utsuho"":1,""temple_murasa"":1}","[""sage_yukari"",""temple_shou"",""sdm_sakuya"",""medicine"",""palace_utsuho"",""sage_matara""]"
"comparison","3482854408","4","","","1","baseline","win","2","0","1","20","[""hell_eiki"",""hourai_kaguya"",""reimu"",""hell_hecatia"",""hell_clownpiece"",""mtn_sanae"",""hell_kutaka"",""haku_youmu"",""mtn_kanako"",""temple_byakuren"",""palace_satori"",""hourai_reisen"",""sage_matara""]","{""hell_eiki"":1,""hell_clownpiece"":1,""haku_youmu"":1,""palace_satori"":1}","{""hakugyokurou"":1}","{""hell_eiki"":6,""hourai_kaguya"":6,""reimu"":1,""hell_hecatia"":6,""hell_clownpiece"":2,""mtn_sanae"":1,""hell_kutaka"":2,""mtn_kanako"":3,""palace_satori"":1,""hourai_reisen"":1}","[""hourai_kaguya"",""hell_hecatia"",""hell_eiki"",""hell_kutaka"",""sage_matara""]"
"comparison","3482854408","4","","","2","baseline","win","2","1","8","20","[""palace_rin"",""heaven_tenshi"",""haku_youmu"",""heaven_iku"",""palace_koishi"",""mtn_suwako"",""sage_ran"",""sage_yukari"",""mtn_sanae"",""sdm_remilia"",""sage_matara"",""sage_kasen""]","{""sage_ran"":1,""heaven_iku"":1,""heaven_tenshi"":1,""palace_rin"":1,""sage_kasen"":1,""palace_koishi"":1}","{""heaven"":1,""palace"":1}","{""palace_rin"":5,""heaven_tenshi"":4,""haku_youmu"":2,""heaven_iku"":3,""palace_koishi"":6,""mtn_suwako"":3,""sage_ran"":1,""sage_yukari"":2,""mtn_sanae"":1,""sdm_remilia"":3,""sage_matara"":1,""sage_kasen"":1}","[""sdm_remilia"",""sage_yukari""]"
"comparison","3482854408","4","","","3","current","win","2","0","4","20","[""hourai_mokou"",""sage_kasen"",""mtn_aya"",""sage_yukari"",""temple_shou"",""sdm_sakuya"",""sdm_patchouli"",""reimu"",""temple_murasa"",""hell_komachi"",""temple_ichirin"",""temple_byakuren"",""haku_yuyuko"",""medicine""]","{""sage_yukari"":1,""sage_kasen"":1,""temple_murasa"":1,""sdm_patchouli"":1,""temple_byakuren"":1,""temple_shou"":1,""temple_ichirin"":1}","{""temple"":1}","{""hourai_mokou"":4,""sage_kasen"":2,""mtn_aya"":5,""sage_yukari"":1,""temple_shou"":6,""sdm_sakuya"":5,""sdm_patchouli"":4,""reimu"":4,""temple_murasa"":1,""hell_komachi"":2,""temple_ichirin"":3,""temple_byakuren"":1,""haku_yuyuko"":3}","[""haku_yuyuko"",""medicine""]"
"comparison","3482854408","4","","","1","current","win","2","0","0","17","[""hell_eiki"",""hourai_kaguya"",""reimu"",""hell_hecatia"",""hell_clownpiece"",""mtn_sanae"",""temple_byakuren"",""hell_kutaka"",""palace_satori"",""medicine"",""temple_nue"",""mtn_kanako""]","{""hell_hecatia"":1,""hell_eiki"":1,""hell_clownpiece"":1}","{}","{""hell_eiki"":3,""hourai_kaguya"":6,""reimu"":2,""hell_hecatia"":1,""hell_clownpiece"":4,""mtn_sanae"":6,""temple_byakuren"":5,""hell_kutaka"":3,""palace_satori"":4,""medicine"":2,""temple_nue"":1}","[""hourai_kaguya"",""mtn_sanae"",""temple_byakuren"",""palace_satori"",""medicine"",""temple_nue"",""mtn_kanako""]"
"comparison","3482854408","4","","","2","baseline","win","2","1","9","17","[""palace_rin"",""heaven_tenshi"",""haku_youmu"",""heaven_iku"",""palace_koishi"",""mtn_suwako"",""sdm_flandre"",""sdm_patchouli"",""hourai_eirin"",""hell_kutaka"",""sage_ran""]","{""sdm_flandre"":1,""heaven_iku"":1,""sdm_patchouli"":1,""hell_kutaka"":1}","{""hell"":1}","{""palace_rin"":2,""heaven_tenshi"":6,""haku_youmu"":3,""heaven_iku"":3,""palace_koishi"":3,""mtn_suwako"":3,""sdm_flandre"":1,""sdm_patchouli"":1,""hourai_eirin"":2,""hell_kutaka"":1,""sage_ran"":1}","[""heaven_tenshi"",""hourai_eirin"",""sage_ran""]"
"comparison","3482854408","4","","","3","current","win","2","0","2","17","[""hourai_mokou"",""sage_kasen"",""mtn_aya"",""sage_yukari"",""temple_shou"",""sdm_sakuya"",""hourai_reisen"",""hell_hecatia"",""temple_murasa"",""palace_utsuho"",""temple_ichirin"",""sdm_remilia"",""sage_matara""]","{""sage_yukari"":1,""hell_hecatia"":1,""sage_kasen"":1,""temple_murasa"":1,""hourai_mokou"":1}","{""heaven"":1}","{""hourai_mokou"":5,""sage_kasen"":3,""mtn_aya"":5,""sage_yukari"":1,""temple_shou"":5,""sdm_sakuya"":5,""hourai_reisen"":5,""hell_hecatia"":1,""temple_murasa"":1,""palace_utsuho"":1}","[""temple_shou"",""sdm_sakuya"",""hourai_reisen"",""palace_utsuho"",""temple_ichirin"",""sdm_remilia"",""sage_matara""]"
"comparison","3482854408","4","","","1","baseline","win","2","0","0","23","[""hell_eiki"",""hourai_kaguya"",""reimu"",""hell_hecatia"",""hell_clownpiece"",""mtn_sanae"",""hell_kutaka"",""sage_ran"",""temple_byakuren"",""medicine"",""hourai_reisen"",""sage_yukari""]","{""hell_eiki"":1,""mtn_sanae"":1,""hourai_reisen"":1}","{}","{""hell_eiki"":1,""hourai_kaguya"":8,""reimu"":1,""hell_hecatia"":8,""hell_clownpiece"":8,""mtn_sanae"":4,""hell_kutaka"":7,""sage_ran"":3,""temple_byakuren"":4,""medicine"":2,""hourai_reisen"":1}","[""hourai_kaguya"",""hell_hecatia"",""hell_clownpiece"",""hell_kutaka"",""temple_byakuren"",""sage_yukari"",""hell_eiki""]"
"comparison","3482854408","4","","","2","current","win","2","1","7","23","[""palace_rin"",""heaven_tenshi"",""haku_youmu"",""heaven_iku"",""palace_koishi"",""mtn_suwako"",""hell_eiki"",""sage_kasen"",""mtn_kanako"",""sdm_remilia"",""sdm_sakuya"",""sdm_patchouli"",""sage_ran"",""palace_utsuho"",""haku_yuyuko""]","{""heaven_tenshi"":1,""palace_rin"":1,""haku_youmu"":1,""heaven_iku"":1,""sage_kasen"":1,""sdm_remilia"":1,""sdm_patchouli"":1,""sage_ran"":1,""mtn_kanako"":1,""haku_yuyuko"":1}","{""heaven"":1}","{""palace_rin"":2,""heaven_tenshi"":1,""haku_youmu"":3,""heaven_iku"":3,""palace_koishi"":8,""mtn_suwako"":3,""hell_eiki"":2,""sage_kasen"":2,""mtn_kanako"":1,""sdm_remilia"":2,""sdm_sakuya"":3,""sdm_patchouli"":1,""sage_ran"":1,""palace_utsuho"":2,""haku_yuyuko"":1}","[]"
"comparison","3482854408","4","","","3","current","win","2","0","1","23","[""hourai_mokou"",""sage_kasen"",""mtn_aya"",""sage_yukari"",""temple_shou"",""sdm_sakuya"",""sdm_patchouli"",""temple_ichirin"",""temple_murasa"",""hell_komachi"",""palace_satori"",""sage_ran"",""sage_matara"",""marisa"",""temple_nue"",""yuuka"",""mtn_suwako""]","{""sage_kasen"":1,""sage_yukari"":1,""temple_murasa"":1,""hourai_mokou"":1,""palace_satori"":1,""sage_matara"":1}","{""heaven"":1}","{""hourai_mokou"":4,""sage_kasen"":1,""mtn_aya"":5,""sage_yukari"":2,""temple_shou"":7,""sdm_sakuya"":4,""sdm_patchouli"":3,""temple_ichirin"":5,""temple_murasa"":1,""hell_komachi"":4,""palace_satori"":1,""sage_matara"":1}","[""temple_shou"",""temple_ichirin"",""hell_komachi"",""marisa"",""temple_nue"",""yuuka"",""mtn_suwako""]"
"comparison","3499632027","5","","","1","current","win","1","1","8","24","[""sdm_sakuya"",""palace_satori"",""sdm_remilia"",""palace_utsuho"",""mtn_sanae"",""sage_kasen"",""sdm_meiling"",""sdm_patchouli"",""hourai_mokou"",""hourai_tewi"",""hell_clownpiece"",""haku_yuyuko"",""haku_youmu""]","{""sdm_remilia"":1,""sdm_sakuya"":1,""sdm_patchouli"":1,""sdm_meiling"":1,""sage_kasen"":1,""haku_yuyuko"":1}","{""sdm"":1,""sunflower"":1}","{""sdm_sakuya"":4,""palace_satori"":6,""sdm_remilia"":1,""palace_utsuho"":6,""mtn_sanae"":1,""sage_kasen"":7,""sdm_meiling"":5,""sdm_patchouli"":4,""hourai_mokou"":4,""hourai_tewi"":4,""hell_clownpiece"":4,""haku_yuyuko"":3}","[]"
"comparison","3499632027","5","","","2","baseline","win","1","0","6","24","[""mtn_kanako"",""haku_youmu"",""mtn_suwako"",""palace_rin"",""sage_yukari"",""hell_eiki"",""mtn_sanae"",""temple_shou"",""yuuka"",""mtn_nitori"",""sage_ran"",""hourai_mokou"",""hourai_kaguya"",""palace_utsuho"",""medicine"",""heaven_iku"",""hell_hecatia"",""hell_komachi"",""temple_byakuren""]","{""mtn_sanae"":1,""mtn_suwako"":1,""mtn_kanako"":1,""mtn_nitori"":1,""temple_shou"":1,""medicine"":1,""heaven_iku"":1,""hourai_mokou"":1}","{""mountain"":1}","{""mtn_kanako"":3,""haku_youmu"":1,""mtn_suwako"":2,""palace_rin"":2,""sage_yukari"":6,""hell_eiki"":4,""temple_shou"":3,""yuuka"":6,""mtn_nitori"":1,""sage_ran"":3,""hourai_mokou"":3,""hourai_kaguya"":3,""palace_utsuho"":2,""medicine"":1,""heaven_iku"":1}","[""yuuka"",""hourai_kaguya"",""hell_hecatia"",""hell_eiki"",""hell_komachi"",""temple_byakuren"",""sage_yukari"",""palace_utsuho""]"
"comparison","3499632027","5","","","3","baseline","win","1","0","3","24","[""temple_murasa"",""temple_nue"",""sage_matara"",""sdm_patchouli"",""hourai_eirin"",""reimu"",""heaven_tenshi"",""hourai_reisen"",""hourai_tewi"",""mtn_aya"",""sage_kasen"",""palace_koishi"",""marisa""]","{""temple_murasa"":1,""temple_nue"":1,""heaven_tenshi"":1,""marisa"":1}","{""heaven"":1}","{""temple_murasa"":1,""temple_nue"":2,""sage_matara"":7,""hourai_eirin"":7,""reimu"":3,""heaven_tenshi"":5,""hourai_reisen"":5,""mtn_aya"":3,""palace_koishi"":3,""marisa"":2}","[""hourai_eirin"",""hourai_reisen"",""palace_koishi"",""mtn_aya"",""reimu""]"
"comparison","3499632027","5","","","1","baseline","win","2","0","5","22","[""sdm_sakuya"",""palace_satori"",""sdm_remilia"",""palace_utsuho"",""mtn_sanae"",""sage_kasen"",""sdm_meiling"",""sdm_patchouli"",""temple_shou"",""mtn_suwako"",""sage_matara"",""temple_byakuren"",""sage_ran"",""medicine"",""trap_token""]","{""sdm_remilia"":1,""sdm_sakuya"":1,""sdm_patchouli"":1,""sdm_meiling"":1,""medicine"":1}","{""sdm"":1,""sunflower"":1}","{""sdm_sakuya"":4,""palace_satori"":6,""sdm_remilia"":1,""palace_utsuho"":6,""mtn_sanae"":1,""sage_kasen"":6,""sdm_meiling"":5,""sdm_patchouli"":4,""temple_shou"":4,""mtn_suwako"":1,""sage_matara"":2,""temple_byakuren"":2,""sage_ran"":2,""medicine"":1,""trap_token"":1}","[""sage_matara"",""temple_byakuren"",""sage_ran"",""trap_token_1""]"
"comparison","3499632027","5","","","2","current","win","2","1","8","22","[""mtn_kanako"",""haku_youmu"",""mtn_suwako"",""palace_rin"",""sage_yukari"",""hell_eiki"",""mtn_nitori"",""hourai_mokou"",""mtn_sanae"",""heaven_tenshi"",""sdm_remilia"",""hourai_kaguya"",""hourai_eirin"",""palace_satori"",""hourai_tewi""]","{""sage_yukari"":1,""mtn_nitori"":1,""mtn_sanae"":1,""palace_rin"":1,""hourai_kaguya"":1,""hourai_mokou"":1,""hourai_tewi"":1,""hourai_eirin"":1,""mtn_kanako"":1}","{""hourai"":1,""mountain"":1}","{""mtn_kanako"":7,""haku_youmu"":3,""mtn_suwako"":3,""palace_rin"":4,""sage_yukari"":1,""hell_eiki"":5,""mtn_nitori"":1,""hourai_mokou"":5,""heaven_tenshi"":4,""sdm_remilia"":2,""hourai_kaguya"":2,""hourai_eirin"":1,""palace_satori"":2}","[""heaven_tenshi"",""palace_satori""]"
"comparison","3499632027","5","","","3","baseline","win","2","0","1","22","[""temple_murasa"",""temple_nue"",""sage_matara"",""sdm_patchouli"",""hourai_eirin"",""reimu"",""yuuka"",""sage_yukari"",""hell_komachi"",""marisa"",""mtn_aya"",""hell_hecatia"",""hell_eiki"",""mtn_suwako"",""palace_utsuho"",""trap_token""]","{""temple_murasa"":1,""temple_nue"":1,""yuuka"":1,""marisa"":1,""mtn_aya"":1}","{}","{""temple_murasa"":1,""temple_nue"":2,""sage_matara"":3,""hourai_eirin"":3,""reimu"":6,""yuuka"":2,""hell_komachi"":3,""marisa"":1,""mtn_aya"":3,""sage_yukari"":1,""hell_hecatia"":2,""hell_eiki"":1,""mtn_suwako"":1,""palace_utsuho"":1,""trap_token"":1}","[""reimu"",""hell_hecatia"",""hell_eiki"",""palace_utsuho"",""trap_token_2""]"
"comparison","3499632027","5","","","1","current","win","2","0","4","22","[""sdm_sakuya"",""palace_satori"",""sdm_remilia"",""palace_utsuho"",""mtn_sanae"",""sage_kasen"",""sdm_meiling"",""sdm_patchouli"",""temple_shou"",""mtn_suwako"",""sage_matara"",""temple_byakuren"",""sage_ran"",""trap_token"",""medicine""]","{""sdm_remilia"":1,""sdm_sakuya"":1,""sdm_patchouli"":1,""sdm_meiling"":1,""sage_matara"":1}","{""sdm"":1}","{""sdm_sakuya"":4,""palace_satori"":6,""sdm_remilia"":1,""palace_utsuho"":6,""mtn_sanae"":1,""sage_kasen"":6,""sdm_meiling"":5,""sdm_patchouli"":4,""temple_shou"":4,""mtn_suwako"":1,""sage_matara"":1,""temple_byakuren"":2,""sage_ran"":2,""trap_token"":1}","[""temple_byakuren"",""sage_ran"",""trap_token_1"",""medicine""]"
"comparison","3499632027","5","","","2","current","win","2","1","8","22","[""mtn_kanako"",""haku_youmu"",""mtn_suwako"",""palace_rin"",""sage_yukari"",""hell_eiki"",""mtn_nitori"",""hourai_mokou"",""mtn_sanae"",""heaven_tenshi"",""sdm_remilia"",""hourai_kaguya"",""hourai_eirin"",""palace_satori"",""hourai_tewi"",""palace_utsuho""]","{""sage_yukari"":1,""mtn_nitori"":1,""mtn_sanae"":1,""palace_rin"":1,""hourai_kaguya"":1,""hourai_mokou"":1,""hourai_tewi"":1,""hourai_eirin"":1,""mtn_kanako"":1}","{""hourai"":1,""mountain"":1}","{""mtn_kanako"":7,""haku_youmu"":3,""mtn_suwako"":3,""palace_rin"":4,""sage_yukari"":1,""hell_eiki"":5,""mtn_nitori"":1,""hourai_mokou"":5,""heaven_tenshi"":4,""sdm_remilia"":2,""hourai_kaguya"":2,""hourai_eirin"":1,""palace_satori"":2,""palace_utsuho"":1}","[""heaven_tenshi"",""palace_satori"",""palace_utsuho""]"
"comparison","3499632027","5","","","3","baseline","win","2","0","1","22","[""temple_murasa"",""temple_nue"",""sage_matara"",""sdm_patchouli"",""hourai_eirin"",""reimu"",""yuuka"",""sage_yukari"",""hell_komachi"",""marisa"",""mtn_aya"",""hell_hecatia"",""hell_eiki"",""mtn_suwako"",""trap_token"",""sage_kasen""]","{""temple_murasa"":1,""temple_nue"":1,""yuuka"":1,""marisa"":1,""mtn_aya"":1}","{}","{""temple_murasa"":1,""temple_nue"":2,""sage_matara"":3,""hourai_eirin"":3,""reimu"":6,""yuuka"":2,""hell_komachi"":3,""marisa"":1,""mtn_aya"":3,""sage_yukari"":1,""hell_hecatia"":2,""hell_eiki"":1,""mtn_suwako"":1,""trap_token"":1}","[""hell_komachi"",""reimu"",""hell_hecatia"",""hell_eiki"",""mtn_suwako"",""trap_token_2"",""sage_kasen""]"
"comparison","3499632027","5","","","1","baseline","win","1","1","8","18","[""sdm_sakuya"",""palace_satori"",""sdm_remilia"",""palace_utsuho"",""mtn_sanae"",""sage_kasen"",""sdm_meiling"",""sdm_patchouli"",""hourai_mokou"",""hourai_tewi"",""medicine""]","{""sdm_remilia"":1,""sdm_sakuya"":1,""sage_kasen"":1,""sdm_patchouli"":1,""sdm_meiling"":1}","{""temple"":1,""sdm"":1}","{""sdm_sakuya"":5,""palace_satori"":7,""sdm_remilia"":1,""palace_utsuho"":7,""mtn_sanae"":1,""sage_kasen"":6,""sdm_meiling"":7,""sdm_patchouli"":6,""hourai_mokou"":5,""medicine"":1}","[""medicine""]"
"comparison","3499632027","5","","","2","baseline","win","1","0","4","18","[""mtn_kanako"",""haku_youmu"",""mtn_suwako"",""palace_rin"",""sage_yukari"",""hell_eiki"",""mtn_sanae"",""temple_shou"",""yuuka"",""mtn_nitori"",""hourai_kaguya"",""mtn_aya"",""hell_clownpiece"",""palace_koishi"",""hourai_tewi""]","{""mtn_sanae"":1,""mtn_suwako"":1,""mtn_kanako"":1,""mtn_nitori"":1,""temple_shou"":1}","{""mountain"":1}","{""mtn_kanako"":3,""haku_youmu"":1,""mtn_suwako"":2,""palace_rin"":2,""sage_yukari"":5,""hell_eiki"":4,""temple_shou"":3,""yuuka"":4,""mtn_nitori"":1,""hourai_kaguya"":1,""mtn_aya"":1,""hell_clownpiece"":1,""palace_koishi"":1}","[""sage_yukari"",""yuuka"",""hourai_kaguya"",""mtn_aya"",""hell_clownpiece"",""palace_koishi"",""hourai_tewi""]"
"comparison","3499632027","5","","","3","current","win","1","0","0","18","[""temple_murasa"",""temple_nue"",""sage_matara"",""sdm_patchouli"",""hourai_eirin"",""reimu"",""heaven_tenshi"",""hourai_reisen"",""hourai_tewi"",""hell_komachi"",""palace_utsuho"",""temple_byakuren""]","{""temple_murasa"":1,""sage_matara"":1,""temple_nue"":1}","{}","{""temple_murasa"":1,""temple_nue"":3,""sage_matara"":2,""hourai_eirin"":5,""reimu"":4,""heaven_tenshi"":4,""hourai_reisen"":2,""hell_komachi"":1,""palace_utsuho"":1}","[""hourai_eirin"",""heaven_tenshi"",""hourai_reisen"",""hell_komachi"",""palace_utsuho"",""temple_byakuren""]"
"comparison","3499632027","5","","","1","current","win","1","1","8","18","[""sdm_sakuya"",""palace_satori"",""sdm_remilia"",""palace_utsuho"",""mtn_sanae"",""sage_kasen"",""sdm_meiling"",""sdm_patchouli"",""hourai_mokou"",""hourai_tewi"",""medicine""]","{""sdm_remilia"":1,""sdm_sakuya"":1,""sage_kasen"":1,""sdm_patchouli"":1,""sdm_meiling"":1}","{""temple"":1,""sdm"":1}","{""sdm_sakuya"":5,""palace_satori"":7,""sdm_remilia"":1,""palace_utsuho"":7,""mtn_sanae"":1,""sage_kasen"":6,""sdm_meiling"":7,""sdm_patchouli"":6,""hourai_mokou"":5,""medicine"":1}","[""medicine""]"
"comparison","3499632027","5","","","2","baseline","win","1","0","4","18","[""mtn_kanako"",""haku_youmu"",""mtn_suwako"",""palace_rin"",""sage_yukari"",""hell_eiki"",""mtn_sanae"",""temple_shou"",""yuuka"",""mtn_nitori"",""hourai_kaguya"",""mtn_aya"",""hell_clownpiece"",""palace_koishi"",""hourai_tewi""]","{""mtn_sanae"":1,""mtn_suwako"":1,""mtn_kanako"":1,""mtn_nitori"":1,""temple_shou"":1}","{""mountain"":1}","{""mtn_kanako"":3,""haku_youmu"":1,""mtn_suwako"":2,""palace_rin"":2,""sage_yukari"":5,""hell_eiki"":4,""temple_shou"":3,""yuuka"":4,""mtn_nitori"":1,""hourai_kaguya"":1,""mtn_aya"":1,""hell_clownpiece"":1,""palace_koishi"":1}","[""sage_yukari"",""yuuka"",""hourai_kaguya"",""mtn_aya"",""hell_clownpiece"",""palace_koishi"",""hourai_tewi""]"
"comparison","3499632027","5","","","3","current","win","1","0","0","18","[""temple_murasa"",""temple_nue"",""sage_matara"",""sdm_patchouli"",""hourai_eirin"",""reimu"",""heaven_tenshi"",""hourai_reisen"",""hourai_tewi"",""hell_komachi"",""palace_utsuho"",""temple_byakuren""]","{""temple_murasa"":1,""sage_matara"":1,""temple_nue"":1}","{}","{""temple_murasa"":1,""temple_nue"":3,""sage_matara"":2,""hourai_eirin"":5,""reimu"":4,""heaven_tenshi"":4,""hourai_reisen"":2,""hell_komachi"":1,""palace_utsuho"":1}","[""hourai_eirin"",""heaven_tenshi"",""hourai_reisen"",""hell_komachi"",""palace_utsuho"",""temple_byakuren""]"
"comparison","3499632027","5","","","1","baseline","win","2","0","6","23","[""sdm_sakuya"",""palace_satori"",""sdm_remilia"",""palace_utsuho"",""mtn_sanae"",""sage_kasen"",""sdm_meiling"",""sdm_patchouli"",""temple_shou"",""marisa"",""hourai_reisen"",""hourai_kaguya"",""temple_byakuren"",""palace_koishi"",""hell_komachi"",""sage_yukari"",""heaven_tenshi"",""mtn_aya""]","{""sdm_remilia"":1,""temple_shou"":1,""temple_byakuren"":1,""sage_kasen"":1,""marisa"":1,""palace_satori"":1}","{""temple"":1,""hakurei"":1}","{""sdm_sakuya"":5,""palace_satori"":9,""sdm_remilia"":1,""palace_utsuho"":5,""mtn_sanae"":1,""sage_kasen"":7,""sdm_meiling"":4,""sdm_patchouli"":4,""temple_shou"":3,""marisa"":3,""hourai_reisen"":4,""hourai_kaguya"":5,""temple_byakuren"":1,""palace_koishi"":5,""hell_komachi"":1,""sage_yukari"":4}","[""hourai_kaguya"",""palace_koishi"",""sage_yukari"",""mtn_aya""]"
"comparison","3499632027","5","","","2","current","win","2","1","8","23","[""mtn_kanako"",""haku_youmu"",""mtn_suwako"",""palace_rin"",""sage_yukari"",""hell_eiki"",""mtn_nitori"",""hourai_mokou"",""mtn_sanae"",""heaven_tenshi"",""sdm_flandre"",""haku_yuyuko"",""hell_clownpiece"",""heaven_iku"",""hourai_reisen""]","{""sage_yukari"":1,""mtn_nitori"":1,""mtn_sanae"":1,""mtn_kanako"":1,""mtn_suwako"":1,""hourai_mokou"":1,""haku_yuyuko"":1,""haku_youmu"":1}","{""mountain"":1,""hakugyokurou"":1}","{""mtn_kanako"":4,""haku_youmu"":4,""mtn_suwako"":4,""palace_rin"":7,""sage_yukari"":1,""hell_eiki"":6,""mtn_nitori"":1,""hourai_mokou"":4,""heaven_tenshi"":2,""haku_yuyuko"":1,""hell_clownpiece"":1,""heaven_iku"":1,""hourai_reisen"":1}","[""palace_rin"",""hourai_reisen""]"
"comparison","3499632027","5","","","3","current","win","2","0","0","23","[""temple_murasa"",""temple_nue"",""sage_matara"",""sdm_patchouli"",""hourai_eirin"",""reimu"",""yuuka"",""sage_yukari"",""sdm_sakuya"",""sdm_meiling"",""sdm_flandre"",""heaven_tenshi"",""sdm_remilia""]","{""temple_murasa"":1,""sage_matara"":2,""temple_nue"":1,""sage_yukari"":1,""sdm_patchouli"":1}","{}","{""temple_murasa"":1,""temple_nue"":3,""sage_matara"":3,""hourai_eirin"":4,""reimu"":6,""yuuka"":5,""sdm_sakuya"":1,""sdm_meiling"":1,""sdm_patchouli"":1,""sdm_flandre"":1}","[""reimu"",""yuuka"",""sdm_sakuya"",""sdm_meiling"",""sdm_flandre"",""heaven_tenshi"",""sdm_remilia""]"
"comparison","3583520122","4","","","1","current","win","1","1","7","27","[""hourai_mokou"",""sdm_sakuya"",""sage_matara"",""mtn_aya"",""haku_youmu"",""mtn_sanae"",""palace_utsuho"",""haku_yuyuko"",""sdm_meiling"",""hell_hecatia"",""temple_shou"",""sdm_remilia"",""palace_koishi"",""sdm_flandre""]","{""mtn_sanae"":1,""haku_youmu"":1,""haku_yuyuko"":1,""sdm_sakuya"":1,""sdm_remilia"":1,""sdm_flandre"":1}","{""hakugyokurou"":1,""sdm"":1}","{""hourai_mokou"":4,""sdm_sakuya"":9,""sage_matara"":1,""mtn_aya"":11,""haku_youmu"":3,""mtn_sanae"":1,""palace_utsuho"":4,""haku_yuyuko"":1,""hell_hecatia"":7,""temple_shou"":6,""sdm_remilia"":4,""palace_koishi"":4,""sdm_flandre"":3}","[""hell_hecatia"",""temple_shou"",""palace_koishi""]"
"comparison","3583520122","4","","","2","baseline","win","1","0","6","27","[""marisa"",""sage_ran"",""sdm_patchouli"",""hell_komachi"",""medicine"",""heaven_tenshi"",""mtn_suwako"",""hourai_reisen"",""sage_matara"",""yuuka"",""sdm_remilia"",""sdm_flandre"",""sage_kasen"",""palace_koishi"",""hourai_kaguya"",""heaven_iku"",""hourai_eirin""]","{""marisa"":1,""sage_ran"":1,""sdm_patchouli"":1,""medicine"":1,""yuuka"":1,""heaven_iku"":1,""sage_kasen"":1}","{""sunflower"":1,""heaven"":1}","{""marisa"":1,""sage_ran"":2,""sdm_patchouli"":3,""hell_komachi"":7,""medicine"":4,""heaven_tenshi"":5,""mtn_suwako"":4,""hourai_reisen"":3,""yuuka"":2,""sdm_remilia"":1,""sdm_flandre"":2,""sage_kasen"":2,""palace_koishi"":1,""hourai_kaguya"":1,""heaven_iku"":1,""hourai_eirin"":1}","[""hell_komachi"",""hourai_eirin"",""heaven_tenshi""]"
"comparison","3583520122","4","","","3","baseline","win","1","0","2","27","[""reimu"",""hell_eiki"",""hourai_eirin"",""palace_satori"",""hell_clownpiece"",""mtn_kanako"",""sage_matara"",""temple_byakuren"",""sage_mai_satono"",""sage_yukari"",""palace_rin"",""palace_utsuho"",""temple_nue"",""sage_ran"",""mtn_suwako""]","{""palace_satori"":2,""reimu"":1,""sage_matara"":1,""palace_rin"":1,""sage_ran"":1,""sage_mai_satono"":1}","{""hakurei"":1}","{""reimu"":2,""hell_eiki"":3,""hourai_eirin"":3,""palace_satori"":2,""hell_clownpiece"":4,""mtn_kanako"":8,""sage_matara"":3,""temple_byakuren"":7,""sage_mai_satono"":4,""sage_yukari"":4,""palace_rin"":2,""palace_utsuho"":3,""temple_nue"":3,""sage_ran"":1,""mtn_suwako"":1}","[""mtn_kanako"",""temple_byakuren"",""sage_yukari"",""palace_utsuho"",""temple_nue"",""mtn_suwako""]"
"comparison","3583520122","4","","","1","baseline","win","1","1","10","28","[""hourai_mokou"",""sdm_sakuya"",""sage_matara"",""mtn_aya"",""haku_youmu"",""mtn_sanae"",""palace_utsuho"",""haku_yuyuko"",""sdm_meiling"",""hell_eiki"",""heaven_iku"",""sdm_flandre"",""hell_clownpiece"",""sage_kasen"",""trap_token"",""palace_rin"",""palace_koishi""]","{""mtn_sanae"":1,""haku_youmu"":1,""haku_yuyuko"":1,""heaven_iku"":1,""sdm_flandre"":1,""palace_rin"":1,""sage_kasen"":1,""palace_koishi"":1}","{""hakugyokurou"":1,""palace"":1}","{""hourai_mokou"":3,""sdm_sakuya"":6,""sage_matara"":1,""mtn_aya"":4,""haku_youmu"":3,""mtn_sanae"":2,""palace_utsuho"":4,""haku_yuyuko"":1,""sdm_meiling"":1,""hell_eiki"":1,""heaven_iku"":1,""sdm_flandre"":1,""hell_clownpiece"":3,""sage_kasen"":3,""trap_token"":3,""palace_rin"":1,""palace_koishi"":2}","[""hell_clownpiece"",""trap_token_1"",""mtn_sanae""]"
"comparison","3583520122","4","","","2","current","win","1","0","3","28","[""marisa"",""sage_ran"",""sdm_patchouli"",""hell_komachi"",""medicine"",""heaven_tenshi"",""mtn_suwako"",""hourai_reisen"",""sage_matara"",""yuuka"",""temple_shou"",""hell_hecatia"",""temple_nue"",""trap_token""]","{""marisa"":1,""sage_ran"":1,""sdm_patchouli"":1,""medicine"":1,""heaven_tenshi"":1,""sage_matara"":1,""hell_hecatia"":1}","{""heaven"":1}","{""marisa"":1,""sage_ran"":2,""sdm_patchouli"":3,""hell_komachi"":9,""medicine"":4,""heaven_tenshi"":5,""mtn_suwako"":8,""hourai_reisen"":4,""yuuka"":6,""temple_shou"":5,""sage_matara"":1,""hell_hecatia"":3,""temple_nue"":2,""trap_token"":2}","[""hell_komachi"",""mtn_suwako"",""yuuka"",""temple_shou"",""temple_nue"",""trap_token_2""]"
"comparison","3583520122","4","","","3","baseline","win","1","0","6","28","[""reimu"",""hell_eiki"",""hourai_eirin"",""palace_satori"",""hell_clownpiece"",""mtn_kanako"",""sage_matara"",""temple_byakuren"",""sage_yukari"",""hourai_kaguya"",""temple_murasa"",""hourai_mokou"",""hourai_tewi"",""sdm_remilia"",""palace_utsuho"",""sage_mai_satono"",""sdm_meiling""]","{""palace_satori"":2,""reimu"":1,""temple_murasa"":1,""hourai_kaguya"":1,""hourai_mokou"":1,""hourai_tewi"":1,""hourai_eirin"":1,""palace_utsuho"":1}","{""hakurei"":1,""hourai"":1}","{""reimu"":2,""hell_eiki"":4,""hourai_eirin"":2,""palace_satori"":2,""hell_clownpiece"":3,""mtn_kanako"":7,""sage_matara"":1,""temple_byakuren"":8,""sage_yukari"":6,""hourai_kaguya"":3,""temple_murasa"":1,""hourai_mokou"":1,""sdm_remilia"":2,""palace_utsuho"":2,""sage_mai_satono"":1,""sdm_meiling"":1}","[""temple_byakuren"",""sage_yukari"",""sdm_remilia"",""sage_mai_satono"",""sdm_meiling""]"
"comparison","3583520122","4","","","1","current","win","2","0","2","20","[""hourai_mokou"",""sdm_sakuya"",""sage_matara"",""mtn_aya"",""haku_youmu"",""mtn_sanae"",""palace_utsuho"",""haku_yuyuko"",""sdm_meiling"",""hell_hecatia"",""temple_shou"",""sdm_remilia"",""palace_koishi""]","{""mtn_sanae"":1,""haku_youmu"":1,""haku_yuyuko"":1}","{""hakugyokurou"":1}","{""hourai_mokou"":4,""sdm_sakuya"":7,""sage_matara"":1,""mtn_aya"":7,""haku_youmu"":3,""mtn_sanae"":1,""palace_utsuho"":4,""haku_yuyuko"":1,""hell_hecatia"":3,""temple_shou"":2,""sdm_remilia"":1}","[""sdm_sakuya"",""mtn_aya"",""hell_hecatia"",""temple_shou"",""sdm_remilia"",""palace_koishi""]"
"comparison","3583520122","4","","","2","current","win","2","1","9","20","[""marisa"",""sage_ran"",""sdm_patchouli"",""hell_komachi"",""medicine"",""heaven_tenshi"",""mtn_suwako"",""hourai_reisen"",""sage_matara"",""yuuka"",""sdm_remilia"",""sdm_flandre"",""sage_kasen"",""palace_koishi"",""hourai_kaguya"",""heaven_iku""]","{""marisa"":1,""sage_ran"":1,""sdm_patchouli"":1,""medicine"":1,""yuuka"":1,""heaven_iku"":1,""sage_kasen"":1}","{""sunflower"":1,""sage"":1}","{""marisa"":1,""sage_ran"":2,""sdm_patchouli"":3,""hell_komachi"":6,""medicine"":4,""heaven_tenshi"":5,""mtn_suwako"":4,""hourai_reisen"":3,""yuuka"":2,""sdm_remilia"":1,""sdm_flandre"":2,""sage_kasen"":2,""palace_koishi"":1,""hourai_kaguya"":1,""heaven_iku"":1}","[""hell_komachi""]"
"comparison","3583520122","4","","","3","baseline","win","2","0","2","20","[""reimu"",""hell_eiki"",""hourai_eirin"",""palace_satori"",""hell_clownpiece"",""mtn_kanako"",""sage_matara"",""temple_byakuren"",""sage_mai_satono"",""sage_yukari"",""palace_rin"",""palace_utsuho"",""temple_nue"",""mtn_suwako""]","{""palace_satori"":2,""reimu"":1,""sage_matara"":1,""sage_mai_satono"":1}","{""hakurei"":1}","{""reimu"":2,""hell_eiki"":3,""hourai_eirin"":3,""palace_satori"":2,""hell_clownpiece"":4,""mtn_kanako"":6,""sage_matara"":3,""temple_byakuren"":5,""sage_mai_satono"":2,""sage_yukari"":2,""palace_rin"":2,""palace_utsuho"":1,""temple_nue"":1}","[""mtn_kanako"",""temple_byakuren"",""sage_yukari"",""palace_rin"",""palace_utsuho"",""temple_nue"",""mtn_suwako""]"
"comparison","3583520122","4","","","1","baseline","win","2","0","4","28","[""hourai_mokou"",""sdm_sakuya"",""sage_matara"",""mtn_aya"",""haku_youmu"",""mtn_sanae"",""palace_utsuho"",""haku_yuyuko"",""sdm_meiling"",""hell_eiki"",""hourai_kaguya"",""sdm_flandre"",""hell_clownpiece"",""hourai_eirin"",""mtn_suwako"",""palace_koishi"",""hourai_reisen""]","{""mtn_sanae"":1,""haku_youmu"":1,""haku_yuyuko"":1,""sdm_sakuya"":1,""sdm_flandre"":1}","{""hakugyokurou"":1}","{""hourai_mokou"":3,""sdm_sakuya"":6,""sage_matara"":1,""mtn_aya"":4,""haku_youmu"":3,""mtn_sanae"":1,""palace_utsuho"":7,""haku_yuyuko"":1,""sdm_meiling"":3,""hell_eiki"":4,""hourai_kaguya"":3,""sdm_flandre"":2,""hourai_eirin"":2,""mtn_suwako"":2,""palace_koishi"":1,""hell_clownpiece"":1}","[""hourai_eirin"",""mtn_suwako"",""palace_koishi"",""hell_clownpiece"",""hourai_reisen""]"
"comparison","3583520122","4","","","2","baseline","win","2","1","9","28","[""marisa"",""sage_ran"",""sdm_patchouli"",""hell_komachi"",""medicine"",""heaven_tenshi"",""mtn_suwako"",""hourai_reisen"",""sage_matara"",""yuuka"",""heaven_iku"",""hell_hecatia"",""sdm_remilia"",""palace_utsuho"",""sage_kasen"",""temple_nue""]","{""marisa"":1,""sage_ran"":1,""sdm_patchouli"":1,""medicine"":1,""heaven_iku"":1,""heaven_tenshi"":1,""sdm_remilia"":1}","{""heaven"":1,""sdm"":1}","{""marisa"":1,""sage_ran"":2,""sdm_patchouli"":3,""hell_komachi"":9,""medicine"":4,""heaven_tenshi"":6,""mtn_suwako"":4,""hourai_reisen"":3,""yuuka"":2,""heaven_iku"":1,""sage_matara"":4,""hell_hecatia"":2,""sdm_remilia"":2,""palace_utsuho"":2,""sage_kasen"":2,""temple_nue"":1}","[""hell_komachi"",""sage_matara"",""palace_utsuho"",""sage_kasen"",""temple_nue""]"
"comparison","3583520122","4","","","3","current","win","2","0","4","28","[""reimu"",""hell_eiki"",""hourai_eirin"",""palace_satori"",""hell_clownpiece"",""mtn_kanako"",""sage_matara"",""temple_byakuren"",""sage_yukari"",""medicine"",""temple_shou"",""temple_murasa"",""hourai_mokou"",""hourai_reisen"",""yuuka"",""hourai_kaguya""]","{""palace_satori"":2,""reimu"":1,""sage_yukari"":1,""temple_murasa"":1,""medicine"":1,""yuuka"":1}","{""hakurei"":1,""sunflower"":1}","{""reimu"":2,""hell_eiki"":3,""hourai_eirin"":1,""palace_satori"":2,""hell_clownpiece"":3,""mtn_kanako"":8,""sage_matara"":1,""temple_byakuren"":7,""sage_yukari"":1,""medicine"":3,""temple_shou"":4,""temple_murasa"":1,""hourai_mokou"":3,""hourai_reisen"":2,""yuuka"":2,""hourai_kaguya"":1}","[""mtn_kanako"",""hourai_kaguya"",""temple_shou"",""hell_eiki"",""hourai_mokou""]"
"comparison","3583520122","4","","","1","current","win","3","0","2","29","[""hourai_mokou"",""sdm_sakuya"",""sage_matara"",""mtn_aya"",""haku_youmu"",""mtn_sanae"",""palace_utsuho"",""haku_yuyuko"",""sdm_meiling"",""hell_hecatia"",""sage_yukari"",""hell_eiki"",""sdm_flandre"",""hell_clownpiece"",""hourai_reisen"",""palace_rin""]","{""mtn_sanae"":1,""haku_youmu"":1,""haku_yuyuko"":1,""sage_yukari"":1,""sage_matara"":1,""hell_eiki"":1,""hell_hecatia"":1}","{""hakugyokurou"":1}","{""hourai_mokou"":4,""sdm_sakuya"":5,""sage_matara"":2,""mtn_aya"":4,""haku_youmu"":3,""mtn_sanae"":1,""palace_utsuho"":6,""haku_yuyuko"":1,""sage_yukari"":1,""hell_hecatia"":2,""sdm_flandre"":1,""hell_clownpiece"":1}","[""hell_clownpiece"",""hourai_reisen"",""palace_rin""]"
"comparison","3583520122","4","","","2","baseline","win","3","0","5","29","[""marisa"",""sage_ran"",""sdm_patchouli"",""hell_komachi"",""medicine"",""heaven_tenshi"",""mtn_suwako"",""hourai_reisen"",""sage_matara"",""yuuka"",""hell_hecatia"",""sage_kasen"",""palace_rin"",""hourai_kaguya"",""heaven_iku"",""palace_koishi"",""temple_nue"",""palace_utsuho""]","{""marisa"":1,""sage_ran"":1,""sdm_patchouli"":1,""medicine"":1,""yuuka"":1,""heaven_iku"":1,""temple_nue"":1}","{""sunflower"":1}","{""marisa"":1,""sage_ran"":2,""sdm_patchouli"":3,""hell_komachi"":5,""medicine"":4,""heaven_tenshi"":5,""mtn_suwako"":4,""hourai_reisen"":3,""yuuka"":2,""hell_hecatia"":1,""sage_kasen"":1,""palace_rin"":1,""hourai_kaguya"":2,""heaven_iku"":1,""palace_koishi"":2,""temple_nue"":1}","[""hourai_kaguya"",""palace_utsuho""]"
"comparison","3583520122","4","","","3","current","win","3","1","7","29","[""reimu"",""hell_eiki"",""hourai_eirin"",""palace_satori"",""hell_clownpiece"",""mtn_kanako"",""sage_matara"",""temple_byakuren"",""mtn_aya"",""sdm_remilia"",""sage_mai_satono"",""sdm_sakuya"",""sdm_meiling"",""sdm_flandre"",""temple_murasa"",""sage_kasen""]","{""palace_satori"":2,""reimu"":1,""sage_matara"":1,""sdm_remilia"":1,""mtn_aya"":1,""sdm_flandre"":1,""temple_byakuren"":1,""temple_murasa"":1,""sage_kasen"":1}","{""hakurei"":1,""temple"":1}","{""reimu"":2,""hell_eiki"":3,""hourai_eirin"":6,""palace_satori"":2,""hell_clownpiece"":5,""mtn_kanako"":9,""sage_matara"":2,""temple_byakuren"":8,""mtn_aya"":3,""sdm_remilia"":1,""sage_mai_satono"":4,""sdm_sakuya"":3,""sdm_meiling"":3,""temple_murasa"":2,""sage_kasen"":3}","[]"
"comparison","3583520122","4","","","1","baseline","win","3","0","4","30","[""hourai_mokou"",""sdm_sakuya"",""sage_matara"",""mtn_aya"",""haku_youmu"",""mtn_sanae"",""palace_utsuho"",""haku_yuyuko"",""sdm_meiling"",""hell_eiki"",""hourai_kaguya"",""sdm_flandre"",""hell_clownpiece"",""hourai_eirin"",""palace_rin""]","{""mtn_sanae"":1,""haku_youmu"":1,""haku_yuyuko"":1,""sdm_flandre"":1}","{""hakugyokurou"":1}","{""hourai_mokou"":3,""sdm_sakuya"":9,""sage_matara"":1,""mtn_aya"":4,""haku_youmu"":3,""mtn_sanae"":1,""palace_utsuho"":8,""haku_yuyuko"":1,""sdm_meiling"":5,""hell_eiki"":2,""hourai_kaguya"":4,""sdm_flandre"":1,""hell_clownpiece"":2,""hourai_eirin"":1}","[""palace_utsuho"",""hourai_kaguya"",""hell_clownpiece"",""hourai_eirin"",""palace_rin""]"
"comparison","3583520122","4","","","2","current","win","3","0","5","30","[""marisa"",""sage_ran"",""sdm_patchouli"",""hell_komachi"",""medicine"",""heaven_tenshi"",""mtn_suwako"",""hourai_reisen"",""sage_matara"",""yuuka"",""heaven_iku"",""hell_hecatia"",""sdm_remilia"",""sdm_sakuya"",""sdm_meiling""]","{""marisa"":1,""sage_ran"":1,""sdm_patchouli"":1,""medicine"":1,""heaven_iku"":1,""heaven_tenshi"":1,""sage_matara"":1,""hell_hecatia"":1,""sdm_remilia"":1}","{""heaven"":1}","{""marisa"":1,""sage_ran"":2,""sdm_patchouli"":3,""hell_komachi"":9,""medicine"":4,""heaven_tenshi"":6,""mtn_suwako"":4,""hourai_reisen"":4,""yuuka"":2,""heaven_iku"":1,""sage_matara"":2,""hell_hecatia"":2,""sdm_remilia"":2}","[""hourai_reisen"",""sdm_sakuya"",""sdm_meiling""]"
"comparison","3583520122","4","","","3","current","win","3","1","10","30","[""reimu"",""hell_eiki"",""hourai_eirin"",""palace_satori"",""hell_clownpiece"",""mtn_kanako"",""sage_matara"",""temple_byakuren"",""sage_yukari"",""medicine"",""temple_shou"",""temple_murasa"",""hourai_mokou"",""sage_mai_satono"",""temple_nue"",""sage_kasen"",""mtn_suwako"",""yuuka"",""hell_komachi""]","{""palace_satori"":2,""reimu"":1,""sage_yukari"":1,""temple_murasa"":1,""hourai_mokou"":1,""sage_mai_satono"":1,""sage_kasen"":1,""temple_byakuren"":1,""temple_shou"":1,""temple_nue"":1}","{""hakurei"":1,""sage"":1,""temple"":1}","{""reimu"":2,""hell_eiki"":3,""hourai_eirin"":1,""palace_satori"":2,""hell_clownpiece"":3,""mtn_kanako"":10,""sage_matara"":1,""temple_byakuren"":9,""sage_yukari"":1,""medicine"":3,""temple_shou"":7,""temple_murasa"":1,""hourai_mokou"":1,""sage_mai_satono"":1,""temple_nue"":5,""sage_kasen"":2,""mtn_suwako"":3,""yuuka"":2}","[""hell_komachi""]"
"comparison","3600297741","5","","","1","current","win","3","0","4","27","[""marisa"",""hourai_kaguya"",""sage_kasen"",""hell_hecatia"",""temple_byakuren"",""temple_nue"",""haku_yuyuko"",""sage_yukari"",""sage_ran"",""haku_youmu"",""hourai_eirin"",""hourai_reisen"",""palace_rin""]","{""sage_kasen"":1,""temple_nue"":1,""haku_yuyuko"":1,""sage_yukari"":1,""haku_youmu"":1,""temple_byakuren"":1,""palace_rin"":1}","{""hakugyokurou"":1}","{""marisa"":3,""hourai_kaguya"":6,""sage_kasen"":1,""hell_hecatia"":3,""temple_byakuren"":6,""temple_nue"":2,""haku_yuyuko"":1,""sage_yukari"":1,""sage_ran"":4,""haku_youmu"":1,""hourai_eirin"":2,""hourai_reisen"":1,""palace_rin"":1}","[""sage_ran"",""hourai_eirin"",""hourai_reisen"",""sage_kasen""]"
"comparison","3600297741","5","","","2","baseline","win","3","0","6","27","[""sdm_flandre"",""palace_utsuho"",""mtn_suwako"",""heaven_iku"",""sage_matara"",""hell_eiki"",""trap_token"",""sage_ran"",""sage_mai_satono"",""hourai_mokou"",""hourai_eirin"",""mtn_aya"",""mtn_kanako"",""temple_shou"",""mtn_nitori"",""heaven_tenshi"",""hell_clownpiece"",""mtn_sanae"",""palace_yuugi""]","{""heaven_iku"":1,""sage_ran"":1,""hourai_mokou"":1,""mtn_suwako"":1,""mtn_aya"":1,""mtn_kanako"":1,""mtn_nitori"":1,""palace_yuugi"":1}","{""heaven"":1,""mountain"":1}","{""sdm_flandre"":1,""palace_utsuho"":3,""mtn_suwako"":6,""heaven_iku"":1,""sage_matara"":7,""hell_eiki"":4,""trap_token"":8,""sage_ran"":1,""sage_mai_satono"":3,""hourai_mokou"":1,""hourai_eirin"":1,""mtn_aya"":3,""mtn_kanako"":4,""temple_shou"":1,""mtn_nitori"":2,""heaven_tenshi"":3,""hell_clownpiece"":2,""mtn_sanae"":1}","[""trap_token_1""]"
"comparison","3600297741","5","","","3","baseline","win","3","1","8","27","[""sdm_remilia"",""hourai_eirin"",""reimu"",""mtn_kanako"",""hell_komachi"",""yuuka"",""sdm_flandre"",""trap_token"",""palace_satori"",""marisa"",""medicine"",""sdm_sakuya"",""hourai_reisen"",""sdm_patchouli"",""sage_mai_satono"",""hell_eiki"",""sage_matara"",""hell_hecatia"",""hourai_kaguya"",""palace_utsuho""]","{""sdm_remilia"":1,""sdm_flandre"":1,""yuuka"":1,""medicine"":1,""marisa"":1,""sdm_patchouli"":1,""palace_satori"":1,""palace_utsuho"":1}","{""sunflower"":1,""palace"":1}","{""sdm_remilia"":1,""hourai_eirin"":3,""reimu"":3,""mtn_kanako"":3,""hell_komachi"":2,""yuuka"":3,""sdm_flandre"":1,""trap_token"":8,""palace_satori"":4,""marisa"":2,""medicine"":1,""sdm_sakuya"":6,""hourai_reisen"":4,""sdm_patchouli"":2,""sage_mai_satono"":3,""hell_eiki"":3,""sage_matara"":2,""hell_hecatia"":2,""hourai_kaguya"":1}","[""trap_token_2"",""sdm_sakuya"",""sage_mai_satono"",""hell_eiki"",""sage_matara"",""hell_hecatia""]"
"comparison","3600297741","5","","","1","baseline","win","3","0","1","30","[""marisa"",""hourai_kaguya"",""sage_kasen"",""hell_hecatia"",""temple_byakuren"",""temple_nue"",""trap_token"",""haku_yuyuko"",""palace_satori"",""sdm_patchouli"",""sdm_remilia"",""heaven_tenshi"",""sdm_flandre"",""hourai_reisen"",""palace_koishi""]","{""sage_kasen"":1,""temple_nue"":1,""marisa"":1,""temple_byakuren"":1,""palace_satori"":1,""sdm_flandre"":1,""sdm_patchouli"":1}","{}","{""marisa"":3,""hourai_kaguya"":4,""sage_kasen"":1,""hell_hecatia"":4,""temple_byakuren"":4,""temple_nue"":2,""trap_token"":8,""haku_yuyuko"":2,""palace_satori"":2,""sdm_patchouli"":3,""sdm_remilia"":1,""heaven_tenshi"":1,""sdm_flandre"":1,""hourai_reisen"":1}","[""trap_token_3"",""hourai_reisen"",""haku_yuyuko"",""palace_koishi"",""sdm_remilia""]"
"comparison","3600297741","5","","","2","current","win","3","0","2","30","[""sdm_flandre"",""palace_utsuho"",""mtn_suwako"",""heaven_iku"",""sage_matara"",""hell_eiki"",""trap_token"",""sage_ran"",""heaven_tenshi"",""sage_yukari"",""hell_clownpiece"",""hell_komachi"",""hourai_reisen"",""palace_rin"",""temple_nue"",""mtn_aya"",""hourai_kaguya""]","{""heaven_iku"":1,""sage_matara"":1,""sage_ran"":1,""sage_yukari"":1,""palace_rin"":1,""temple_nue"":1}","{""heaven"":1}","{""sdm_flandre"":1,""palace_utsuho"":6,""mtn_suwako"":6,""heaven_iku"":1,""sage_matara"":2,""hell_eiki"":10,""trap_token"":9,""sage_ran"":1,""heaven_tenshi"":2,""sage_yukari"":1,""hell_clownpiece"":5,""hell_komachi"":4,""hourai_reisen"":2,""palace_rin"":1,""temple_nue"":1,""mtn_aya"":1}","[""hell_eiki"",""trap_token_1"",""hell_clownpiece"",""hell_komachi"",""mtn_suwako"",""mtn_aya"",""hourai_kaguya""]"
"comparison","3600297741","5","","","3","baseline","win","3","1","10","30","[""sdm_remilia"",""hourai_eirin"",""reimu"",""mtn_kanako"",""hell_komachi"",""yuuka"",""sdm_flandre"",""trap_token"",""hourai_mokou"",""sage_matara"",""sage_mai_satono"",""palace_koishi"",""medicine"",""mtn_sanae"",""sage_ran"",""temple_shou"",""sdm_sakuya"",""haku_youmu"",""palace_yuugi"",""palace_utsuho"",""hell_hecatia"",""temple_murasa""]","{""sdm_remilia"":1,""sdm_flandre"":1,""reimu"":1,""hourai_mokou"":1,""medicine"":1,""yuuka"":1,""temple_shou"":1,""palace_yuugi"":1,""temple_murasa"":1}","{""hakurei"":1,""sunflower"":1,""temple"":1}","{""sdm_remilia"":1,""hourai_eirin"":2,""reimu"":3,""mtn_kanako"":8,""hell_komachi"":4,""yuuka"":6,""sdm_flandre"":1,""trap_token"":18,""hourai_mokou"":2,""sage_matara"":5,""sage_mai_satono"":2,""palace_koishi"":2,""medicine"":1,""mtn_sanae"":3,""sage_ran"":3,""temple_shou"":1,""sdm_sakuya"":4,""haku_youmu"":1,""palace_utsuho"":1,""hell_hecatia"":1,""temple_murasa"":1}","[""trap_token_2"",""trap_token_4"",""sdm_sakuya"",""palace_utsuho"",""sage_ran"",""hell_hecatia""]"
"comparison","3600297741","5","","","1","current","win","3","0","3","30","[""marisa"",""hourai_kaguya"",""sage_kasen"",""hell_hecatia"",""temple_byakuren"",""temple_nue"",""trap_token"",""haku_yuyuko"",""mtn_aya"",""heaven_tenshi"",""sdm_patchouli"",""sdm_flandre""]","{""sage_kasen"":1,""temple_nue"":1,""marisa"":1,""sdm_patchouli"":1,""haku_yuyuko"":1,""temple_byakuren"":1}","{}","{""marisa"":3,""hourai_kaguya"":9,""sage_kasen"":1,""hell_hecatia"":9,""temple_byakuren"":10,""temple_nue"":2,""trap_token"":9,""haku_yuyuko"":6,""mtn_aya"":2,""heaven_tenshi"":2,""sdm_patchouli"":1,""sdm_flandre"":1}","[""trap_token_3"",""trap_token_5"",""mtn_aya"",""hourai_kaguya""]"
"comparison","3600297741","5","","","2","current","win","3","0","4","30","[""sdm_flandre"",""palace_utsuho"",""mtn_suwako"",""heaven_iku"",""sage_matara"",""hell_eiki"",""trap_token"",""sage_ran"",""mtn_sanae"",""mtn_nitori"",""haku_youmu"",""sdm_sakuya"",""palace_rin"",""hell_komachi"",""hourai_reisen""]","{""heaven_iku"":1,""sage_matara"":2,""mtn_nitori"":1,""mtn_sanae"":1,""palace_rin"":1,""sage_ran"":1,""haku_youmu"":1}","{""heaven"":1,""hakugyokurou"":1}","{""sdm_flandre"":1,""palace_utsuho"":4,""mtn_suwako"":10,""heaven_iku"":1,""sage_matara"":3,""hell_eiki"":10,""trap_token"":9,""sage_ran"":5,""mtn_sanae"":3,""haku_youmu"":5,""sdm_sakuya"":5,""palace_rin"":1,""hell_komachi"":1}","[""mtn_suwako"",""hell_eiki"",""trap_token_1"",""sdm_sakuya"",""hell_komachi"",""hourai_reisen""]"
"comparison","3600297741","5","","","3","baseline","win","3","1","7","30","[""sdm_remilia"",""hourai_eirin"",""reimu"",""mtn_kanako"",""hell_komachi"",""yuuka"",""sdm_flandre"",""trap_token"",""hourai_mokou"",""sage_matara"",""temple_murasa"",""medicine"",""hourai_reisen"",""palace_koishi"",""mtn_aya"",""hell_clownpiece"",""palace_yuugi"",""sage_mai_satono"",""temple_shou""]","{""sdm_remilia"":1,""sdm_flandre"":2,""reimu"":1,""hourai_mokou"":1,""temple_murasa"":1,""medicine"":1,""yuuka"":1,""palace_yuugi"":1}","{""hakurei"":1,""sunflower"":1}","{""sdm_remilia"":1,""hourai_eirin"":2,""reimu"":3,""mtn_kanako"":7,""hell_komachi"":7,""yuuka"":7,""sdm_flandre"":2,""trap_token"":20,""hourai_mokou"":2,""sage_matara"":4,""temple_murasa"":1,""medicine"":2,""hourai_reisen"":4,""palace_koishi"":2,""mtn_aya"":1,""hell_clownpiece"":1,""sage_mai_satono"":1,""temple_shou"":1}","[""trap_token_2"",""trap_token_4"",""trap_token_6"",""sage_mai_satono""]"
"comparison","3600297741","5","","","1","baseline","win","3","0","6","21","[""marisa"",""hourai_kaguya"",""sage_kasen"",""hell_hecatia"",""temple_byakuren"",""temple_nue"",""haku_yuyuko"",""sage_yukari"",""hourai_eirin"",""temple_shou"",""hourai_reisen""]","{""sage_kasen"":1,""temple_nue"":1,""haku_yuyuko"":1,""temple_byakuren"":1,""hourai_kaguya"":1,""hourai_reisen"":1,""hourai_eirin"":1}","{""hourai"":1}","{""marisa"":3,""hourai_kaguya"":7,""sage_kasen"":1,""hell_hecatia"":3,""temple_byakuren"":5,""temple_nue"":2,""haku_yuyuko"":1,""sage_yukari"":1,""hourai_eirin"":2,""temple_shou"":1}","[]"
"comparison","3600297741","5","","","2","baseline","win","3","0","2","21","[""sdm_flandre"",""palace_utsuho"",""mtn_suwako"",""heaven_iku"",""sage_matara"",""hell_eiki"",""trap_token"",""sage_ran"",""sage_mai_satono"",""hourai_mokou"",""hourai_eirin"",""mtn_aya"",""mtn_kanako"",""palace_rin""]","{""heaven_iku"":1,""sage_ran"":1,""hourai_mokou"":1,""palace_rin"":1,""trap_token"":1}","{""heaven"":1}","{""sdm_flandre"":1,""palace_utsuho"":3,""mtn_suwako"":7,""heaven_iku"":1,""sage_matara"":7,""hell_eiki"":4,""trap_token"":6,""sage_ran"":2,""sage_mai_satono"":4,""hourai_mokou"":1,""hourai_eirin"":1,""mtn_aya"":3,""mtn_kanako"":3,""palace_rin"":1}","[""mtn_suwako"",""sage_matara"",""sage_mai_satono"",""mtn_aya"",""sage_ran""]"
"comparison","3600297741","5","","","3","current","win","3","1","8","21","[""sdm_remilia"",""hourai_eirin"",""reimu"",""mtn_kanako"",""hell_komachi"",""yuuka"",""sdm_flandre"",""trap_token"",""palace_satori"",""marisa"",""medicine"",""sdm_sakuya"",""hourai_reisen"",""sdm_patchouli"",""palace_koishi"",""palace_yuugi""]","{""sdm_remilia"":1,""sdm_flandre"":1,""yuuka"":1,""medicine"":1,""marisa"":1,""palace_yuugi"":1,""palace_satori"":1,""palace_koishi"":1}","{""sunflower"":1,""palace"":1}","{""sdm_remilia"":1,""hourai_eirin"":3,""reimu"":3,""mtn_kanako"":3,""hell_komachi"":2,""yuuka"":3,""sdm_flandre"":1,""trap_token"":6,""palace_satori"":4,""marisa"":2,""medicine"":1,""sdm_sakuya"":3,""hourai_reisen"":3,""sdm_patchouli"":2,""palace_koishi"":2}","[""trap_token_2""]"
"comparison","3600297741","5","","","1","current","win","3","0","6","46","[""marisa"",""hourai_kaguya"",""sage_kasen"",""hell_hecatia"",""temple_byakuren"",""temple_nue"",""haku_yuyuko"",""sage_yukari"",""sage_ran"",""haku_youmu"",""hourai_eirin"",""hourai_reisen"",""hell_eiki"",""palace_rin"",""temple_murasa""]","{""sage_kasen"":2,""temple_nue"":1,""haku_yuyuko"":1,""sage_yukari"":1,""haku_youmu"":1,""temple_byakuren"":1,""sage_ran"":1,""palace_rin"":1,""hourai_kaguya"":1,""hourai_reisen"":1,""hourai_eirin"":1,""temple_murasa"":1,""hell_eiki"":1}","{""hakugyokurou"":1,""hakurei"":1}","{""marisa"":3,""hourai_kaguya"":7,""sage_kasen"":2,""hell_hecatia"":7,""temple_byakuren"":6,""temple_nue"":2,""haku_yuyuko"":1,""sage_yukari"":1,""sage_ran"":4,""haku_youmu"":1,""hourai_eirin"":5,""hourai_reisen"":4,""hell_eiki"":5,""palace_rin"":1,""temple_murasa"":1}","[]"
"comparison","3600297741","5","","","2","baseline","win","3","0","6","46","[""sdm_flandre"",""palace_utsuho"",""mtn_suwako"",""heaven_iku"",""sage_matara"",""hell_eiki"",""trap_token"",""sage_ran"",""sage_mai_satono"",""hourai_mokou"",""hourai_eirin"",""mtn_aya"",""mtn_kanako"",""temple_shou"",""mtn_nitori"",""heaven_tenshi"",""hell_clownpiece"",""hell_hecatia"",""palace_yuugi"",""palace_koishi"",""mtn_sanae""]","{""heaven_iku"":1,""sage_ran"":1,""hourai_mokou"":1,""mtn_suwako"":1,""mtn_aya"":1,""mtn_kanako"":1,""mtn_nitori"":1,""palace_yuugi"":1,""trap_token"":1,""mtn_sanae"":1,""palace_koishi"":1}","{""heaven"":1,""mountain"":1}","{""sdm_flandre"":1,""palace_utsuho"":3,""mtn_suwako"":6,""heaven_iku"":1,""sage_matara"":7,""hell_eiki"":4,""trap_token"":12,""sage_ran"":1,""sage_mai_satono"":3,""hourai_mokou"":1,""hourai_eirin"":1,""mtn_aya"":3,""mtn_kanako"":4,""temple_shou"":1,""mtn_nitori"":2,""heaven_tenshi"":4,""hell_clownpiece"":6,""hell_hecatia"":2,""palace_koishi"":4,""mtn_sanae"":2}","[""hell_hecatia""]"
"comparison","3600297741","5","","","3","current","win","3","1","9","46","[""sdm_remilia"",""hourai_eirin"",""reimu"",""mtn_kanako"",""hell_komachi"",""yuuka"",""sdm_flandre"",""trap_token"",""palace_satori"",""marisa"",""medicine"",""sdm_sakuya"",""hourai_reisen"",""sdm_patchouli"",""sage_mai_satono"",""hell_eiki"",""sage_matara"",""hell_hecatia"",""palace_utsuho"",""sage_yukari"",""temple_byakuren"",""hell_clownpiece"",""temple_shou"",""sage_ran""]","{""sdm_remilia"":1,""sdm_flandre"":1,""yuuka"":1,""medicine"":1,""marisa"":2,""sdm_patchouli"":1,""palace_satori"":1,""sage_matara"":1,""sage_yukari"":1,""sage_mai_satono"":1,""temple_shou"":1,""palace_utsuho"":1}","{""sunflower"":1,""palace"":1}","{""sdm_remilia"":6,""hourai_eirin"":3,""reimu"":8,""mtn_kanako"":3,""hell_komachi"":2,""yuuka"":3,""sdm_flandre"":1,""trap_token"":15,""palace_satori"":4,""marisa"":3,""medicine"":1,""sdm_sakuya"":7,""hourai_reisen"":4,""sdm_patchouli"":2,""sage_mai_satono"":7,""hell_eiki"":2,""sage_matara"":2,""hell_hecatia"":1,""palace_utsuho"":6,""sage_yukari"":2,""temple_byakuren"":5,""hell_clownpiece"":3,""sage_ran"":1}","[""trap_token_2"",""temple_byakuren"",""hell_clownpiece"",""sage_ran"",""sage_mai_satono"",""sage_matara"",""sage_yukari"",""sdm_remilia""]"
"comparison","3600297741","5","","","1","baseline","win","3","0","1","18","[""marisa"",""hourai_kaguya"",""sage_kasen"",""hell_hecatia"",""temple_byakuren"",""temple_nue"",""trap_token"",""haku_yuyuko"",""palace_rin"",""sdm_flandre""]","{""sage_kasen"":1,""temple_nue"":1,""marisa"":1,""temple_byakuren"":1,""palace_rin"":1}","{}","{""marisa"":3,""hourai_kaguya"":4,""sage_kasen"":1,""hell_hecatia"":4,""temple_byakuren"":4,""temple_nue"":2,""trap_token"":3,""haku_yuyuko"":1,""palace_rin"":1,""sdm_flandre"":1}","[""trap_token_3"",""sdm_flandre"",""sage_kasen""]"
"comparison","3600297741","5","","","2","current","win","3","0","2","18","[""sdm_flandre"",""palace_utsuho"",""mtn_suwako"",""heaven_iku"",""sage_matara"",""hell_eiki"",""trap_token"",""sage_ran"",""heaven_tenshi"",""sdm_remilia"",""hourai_reisen"",""palace_yuugi""]","{""heaven_iku"":1,""sage_matara"":1,""sage_ran"":1,""palace_yuugi"":1}","{""heaven"":1}","{""sdm_flandre"":1,""palace_utsuho"":5,""mtn_suwako"":5,""heaven_iku"":1,""sage_matara"":2,""hell_eiki"":5,""trap_token"":4,""sage_ran"":1,""heaven_tenshi"":1,""sdm_remilia"":1,""hourai_reisen"":1}","[""palace_utsuho"",""trap_token_1"",""sdm_remilia"",""hourai_reisen""]"
"comparison","3600297741","5","","","3","current","win","3","1","7","18","[""sdm_remilia"",""hourai_eirin"",""reimu"",""mtn_kanako"",""hell_komachi"",""yuuka"",""sdm_flandre"",""trap_token"",""hourai_mokou"",""sage_matara"",""mtn_sanae"",""sage_mai_satono"",""sdm_sakuya"",""sage_yukari"",""temple_byakuren""]","{""sdm_remilia"":1,""sdm_flandre"":1,""reimu"":1,""sage_matara"":1,""sage_yukari"":1,""sage_mai_satono"":1}","{""hakurei"":1,""sage"":1}","{""sdm_remilia"":1,""hourai_eirin"":2,""reimu"":3,""mtn_kanako"":4,""hell_komachi"":4,""yuuka"":4,""sdm_flandre"":1,""trap_token"":14,""hourai_mokou"":2,""sage_matara"":1,""mtn_sanae"":1,""sage_mai_satono"":3,""sdm_sakuya"":3,""sage_yukari"":1,""temple_byakuren"":1}","[""trap_token_2"",""trap_token_4"",""sdm_sakuya"",""temple_byakuren""]"
"comparison","3549964884","4","","","1","current","win","1","1","7","22","[""hourai_mokou"",""mtn_aya"",""temple_shou"",""sage_ran"",""sdm_flandre"",""medicine"",""sage_kasen"",""hell_komachi"",""mtn_kanako"",""palace_rin"",""hell_hecatia"",""sage_matara"",""sdm_remilia"",""heaven_tenshi"",""palace_utsuho"",""haku_yuyuko"",""temple_byakuren""]","{""sdm_flandre"":1,""hourai_mokou"":1,""mtn_aya"":1,""sage_kasen"":1,""mtn_kanako"":1,""palace_rin"":1,""sage_matara"":1,""heaven_tenshi"":1}","{""mountain"":1,""heaven"":1}","{""hourai_mokou"":2,""mtn_aya"":3,""temple_shou"":8,""sage_ran"":8,""sdm_flandre"":3,""medicine"":1,""sage_kasen"":2,""hell_komachi"":6,""mtn_kanako"":2,""palace_rin"":2,""hell_hecatia"":3,""sage_matara"":1,""sdm_remilia"":1,""heaven_tenshi"":1,""palace_utsuho"":1,""haku_yuyuko"":1,""temple_byakuren"":1}","[""temple_shou"",""sage_ran"",""hell_komachi"",""hell_hecatia"",""sdm_flandre"",""sdm_remilia"",""palace_utsuho"",""haku_yuyuko"",""temple_byakuren""]"
"comparison","3549964884","4","","","2","baseline","win","1","0","2","22","[""sdm_remilia"",""palace_koishi"",""marisa"",""palace_utsuho"",""sage_yukari"",""sdm_sakuya"",""heaven_iku"",""temple_nue"",""sage_matara"",""palace_satori"",""hell_clownpiece"",""reimu"",""temple_murasa""]","{""marisa"":1,""heaven_iku"":1,""temple_nue"":1,""palace_satori"":1}","{}","{""sdm_remilia"":3,""palace_koishi"":4,""marisa"":1,""palace_utsuho"":5,""sage_yukari"":3,""sdm_sakuya"":7,""heaven_iku"":1,""temple_nue"":1,""sage_matara"":1,""palace_satori"":1,""hell_clownpiece"":1,""reimu"":1}","[""sdm_sakuya"",""hell_clownpiece"",""reimu"",""temple_murasa""]"
"comparison","3549964884","4","","","3","baseline","win","1","0","0","22","[""yuuka"",""haku_youmu"",""mtn_sanae"",""hell_clownpiece"",""hourai_kaguya"",""mtn_suwako"",""sage_matara"",""hourai_eirin"",""sdm_patchouli"",""palace_koishi"",""hell_eiki"",""sage_yukari"",""sage_mai_satono""]","{""mtn_sanae"":1,""mtn_suwako"":1,""sdm_patchouli"":1,""sage_mai_satono"":1}","{}","{""yuuka"":7,""haku_youmu"":7,""mtn_sanae"":1,""hell_clownpiece"":5,""hourai_kaguya"":7,""mtn_suwako"":2,""sage_matara"":3,""hourai_eirin"":6,""sdm_patchouli"":1,""palace_koishi"":3,""hell_eiki"":2,""sage_yukari"":1}","[""yuuka"",""hourai_kaguya"",""hourai_eirin"",""palace_koishi"",""hell_eiki"",""sage_yukari""]"
"comparison","3549964884","4","","","1","baseline","win","3","0","3","30","[""hourai_mokou"",""mtn_aya"",""temple_shou"",""sage_ran"",""sdm_flandre"",""medicine"",""sage_kasen"",""hell_komachi"",""palace_rin"",""mtn_kanako"",""sdm_patchouli"",""sage_yukari"",""temple_byakuren"",""temple_murasa"",""hell_clownpiece"",""yuuka"",""hell_kutaka""]","{""sdm_flandre"":1,""hourai_mokou"":1,""sage_kasen"":1,""palace_rin"":1,""sage_ran"":1,""temple_murasa"":1,""mtn_aya"":1,""hell_clownpiece"":1,""temple_shou"":1}","{""heaven"":1}","{""hourai_mokou"":2,""mtn_aya"":8,""temple_shou"":10,""sage_ran"":6,""sdm_flandre"":1,""medicine"":1,""sage_kasen"":2,""hell_komachi"":8,""palace_rin"":2,""mtn_kanako"":6,""sdm_patchouli"":1,""sage_yukari"":4,""temple_byakuren"":4,""temple_murasa"":1,""hell_clownpiece"":2,""yuuka"":1,""hell_kutaka"":1}","[""hell_komachi"",""temple_byakuren"",""hell_kutaka""]"
"comparison","3549964884","4","","","2","current","win","3","0","2","30","[""sdm_remilia"",""palace_koishi"",""marisa"",""palace_utsuho"",""sage_yukari"",""sdm_sakuya"",""hourai_eirin"",""heaven_tenshi"",""hell_eiki"",""sdm_patchouli"",""hourai_kaguya"",""sage_mai_satono"",""hell_hecatia""]","{""marisa"":2,""sage_yukari"":2,""sdm_remilia"":1,""hourai_kaguya"":1,""hourai_eirin"":1,""sdm_patchouli"":1}","{}","{""sdm_remilia"":5,""palace_koishi"":10,""marisa"":2,""palace_utsuho"":10,""sage_yukari"":3,""sdm_sakuya"":10,""hourai_eirin"":4,""heaven_tenshi"":7,""hell_eiki"":3,""sdm_patchouli"":4,""sage_mai_satono"":4,""hell_hecatia"":3}","[""palace_koishi"",""palace_utsuho"",""sdm_sakuya"",""sage_mai_satono"",""hell_hecatia"",""hell_eiki"",""hourai_eirin""]"
"comparison","3549964884","4","","","3","baseline","win","3","1","9","30","[""yuuka"",""haku_youmu"",""mtn_sanae"",""hell_clownpiece"",""hourai_kaguya"",""mtn_suwako"",""sage_matara"",""sage_mai_satono"",""heaven_iku"",""haku_yuyuko"",""palace_satori"",""temple_nue"",""hourai_reisen"",""reimu"",""temple_ichirin""]","{""mtn_sanae"":1,""heaven_iku"":1,""haku_yuyuko"":1,""haku_youmu"":1,""temple_nue"":1,""temple_ichirin"":1}","{""hakugyokurou"":1,""temple"":1}","{""yuuka"":3,""haku_youmu"":3,""mtn_sanae"":1,""hell_clownpiece"":3,""hourai_kaguya"":5,""mtn_suwako"":6,""sage_matara"":5,""sage_mai_satono"":3,""heaven_iku"":1,""haku_yuyuko"":2,""palace_satori"":6,""temple_nue"":1,""hourai_reisen"":4,""reimu"":1,""temple_ichirin"":1}","[""palace_satori"",""sage_matara""]"
"comparison","3549964884","4","","","1","current","stalemate","","1","6","48","[""hourai_mokou"",""mtn_aya"",""temple_shou"",""sage_ran"",""sdm_flandre"",""medicine"",""sage_kasen"",""hell_komachi"",""palace_rin"",""mtn_kanako"",""sdm_patchouli"",""sage_yukari"",""haku_yuyuko"",""temple_nue"",""sage_mai_satono"",""temple_byakuren"",""mtn_suwako"",""palace_satori"",""hourai_eirin"",""hourai_reisen""]","{""sdm_flandre"":1,""hourai_mokou"":1,""sage_kasen"":1,""palace_rin"":1,""sage_yukari"":2,""temple_nue"":1,""temple_shou"":1,""sage_ran"":1,""mtn_aya"":1,""mtn_suwako"":1,""mtn_kanako"":1}","{""heaven"":1,""temple"":1}","{""hourai_mokou"":2,""mtn_aya"":13,""temple_shou"":10,""sage_ran"":11,""sdm_flandre"":1,""medicine"":1,""sage_kasen"":7,""hell_komachi"":9,""palace_rin"":2,""mtn_kanako"":11,""sdm_patchouli"":1,""sage_yukari"":1,""haku_yuyuko"":2,""temple_nue"":1,""sage_mai_satono"":9,""temple_byakuren"":4,""mtn_suwako"":4,""palace_satori"":5,""hourai_eirin"":4,""hourai_reisen"":3}","[""sage_mai_satono"",""sage_kasen"",""palace_satori"",""hourai_eirin"",""hourai_reisen""]"
"comparison","3549964884","4","","","2","current","stalemate","","0","4","48","[""sdm_remilia"",""palace_koishi"",""marisa"",""palace_utsuho"",""sage_yukari"",""sdm_sakuya"",""hourai_eirin"",""heaven_tenshi"",""hell_eiki"",""sdm_patchouli"",""hourai_kaguya"",""temple_murasa"",""haku_yuyuko"",""sage_matara"",""yuuka"",""haku_youmu"",""hourai_reisen"",""reimu""]","{""marisa"":2,""sage_yukari"":1,""sdm_remilia"":1,""hourai_kaguya"":1,""hourai_eirin"":1,""temple_murasa"":1,""sdm_patchouli"":1,""palace_utsuho"":1,""sdm_sakuya"":1,""haku_youmu"":1,""haku_yuyuko"":1}","{""hakugyokurou"":1}","{""sdm_remilia"":5,""palace_koishi"":16,""marisa"":2,""palace_utsuho"":10,""sage_yukari"":2,""sdm_sakuya"":11,""hourai_eirin"":4,""heaven_tenshi"":10,""hell_eiki"":2,""sdm_patchouli"":3,""temple_murasa"":1,""haku_yuyuko"":4,""sage_matara"":5,""yuuka"":4,""hourai_kaguya"":3,""reimu"":2}","[""palace_koishi"",""reimu""]"
"comparison","3549964884","4","","","3","baseline","stalemate","","0","3","48","[""yuuka"",""haku_youmu"",""mtn_sanae"",""hell_clownpiece"",""hourai_kaguya"",""mtn_suwako"",""sage_matara"",""sage_mai_satono"",""heaven_iku"",""haku_yuyuko"",""palace_satori"",""temple_byakuren"",""temple_ichirin"",""hell_hecatia"",""palace_rin"",""sage_kasen"",""hell_kutaka"",""sage_yukari"",""hell_komachi""]","{""mtn_sanae"":1,""heaven_iku"":1,""haku_yuyuko"":1,""temple_ichirin"":1,""palace_rin"":1,""hell_clownpiece"":1,""hell_hecatia"":1,""hell_komachi"":1,""hell_kutaka"":1}","{}","{""yuuka"":7,""haku_youmu"":4,""mtn_sanae"":1,""hell_clownpiece"":4,""hourai_kaguya"":8,""mtn_suwako"":3,""sage_matara"":6,""sage_mai_satono"":3,""heaven_iku"":1,""haku_yuyuko"":2,""palace_satori"":3,""temple_byakuren"":1,""hell_hecatia"":4,""palace_rin"":1,""sage_kasen"":1,""hell_kutaka"":4,""sage_yukari"":1,""hell_komachi"":2}","[""yuuka"",""hourai_kaguya"",""sage_matara""]"
"comparison","3549964884","4","","","1","baseline","stalemate","","1","3","33","[""hourai_mokou"",""mtn_aya"",""temple_shou"",""sage_ran"",""sdm_flandre"",""medicine"",""sage_kasen"",""hell_komachi"",""sage_mai_satono"",""palace_rin"",""mtn_kanako"",""palace_satori"",""hourai_reisen"",""temple_byakuren"",""palace_utsuho"",""temple_murasa"",""heaven_tenshi""]","{""sdm_flandre"":1,""hourai_mokou"":1,""sage_ran"":2,""sage_kasen"":1,""palace_rin"":1,""hourai_reisen"":1,""temple_murasa"":1,""palace_satori"":1,""mtn_kanako"":1}","{""heaven"":1}","{""hourai_mokou"":2,""mtn_aya"":11,""temple_shou"":7,""sage_ran"":4,""sdm_flandre"":1,""medicine"":1,""sage_kasen"":2,""hell_komachi"":5,""sage_mai_satono"":2,""palace_rin"":2,""mtn_kanako"":7,""palace_satori"":5,""hourai_reisen"":1,""temple_byakuren"":5,""palace_utsuho"":3,""temple_murasa"":1,""heaven_tenshi"":2}","[""mtn_aya"",""temple_byakuren"",""temple_shou"",""heaven_tenshi""]"
"comparison","3549964884","4","","","2","baseline","stalemate","","0","2","33","[""sdm_remilia"",""palace_koishi"",""marisa"",""palace_utsuho"",""sage_yukari"",""sdm_sakuya"",""heaven_iku"",""hell_eiki"",""temple_nue"",""reimu"",""haku_yuyuko"",""hell_hecatia"",""heaven_tenshi"",""hell_kutaka""]","{""marisa"":1,""heaven_iku"":1,""temple_nue"":1,""hell_kutaka"":1}","{}","{""sdm_remilia"":3,""palace_koishi"":11,""marisa"":1,""palace_utsuho"":5,""sage_yukari"":3,""sdm_sakuya"":9,""heaven_iku"":1,""hell_eiki"":8,""temple_nue"":1,""reimu"":4,""haku_yuyuko"":5,""hell_hecatia"":4}","[""palace_koishi"",""hell_eiki"",""haku_yuyuko"",""hell_hecatia"",""palace_utsuho""]"
"comparison","3549964884","4","","","3","current","stalemate","","0","1","33","[""yuuka"",""haku_youmu"",""mtn_sanae"",""hell_clownpiece"",""hourai_kaguya"",""mtn_suwako"",""sage_matara"",""hourai_eirin"",""sdm_patchouli"",""sage_mai_satono"",""sdm_remilia"",""sage_yukari"",""temple_ichirin"",""sdm_sakuya"",""hell_komachi""]","{""mtn_sanae"":1,""sage_matara"":1,""hourai_kaguya"":1,""hourai_eirin"":1,""sdm_patchouli"":1,""mtn_suwako"":1,""sage_yukari"":1,""sdm_remilia"":1,""hell_clownpiece"":1}","{}","{""yuuka"":10,""haku_youmu"":9,""mtn_sanae"":1,""hell_clownpiece"":10,""hourai_kaguya"":4,""mtn_suwako"":7,""sage_matara"":1,""hourai_eirin"":6,""sdm_patchouli"":2,""sage_mai_satono"":6,""sdm_remilia"":4,""sage_yukari"":2,""temple_ichirin"":2,""sdm_sakuya"":2,""hell_komachi"":1}","[""sage_mai_satono"",""hourai_eirin"",""temple_ichirin"",""sdm_sakuya"",""hell_komachi""]"
"comparison","3549964884","4","","","1","current","stalemate","","1","3","33","[""hourai_mokou"",""mtn_aya"",""temple_shou"",""sage_ran"",""sdm_flandre"",""medicine"",""sage_kasen"",""hell_komachi"",""sage_mai_satono"",""palace_rin"",""mtn_kanako"",""palace_satori"",""hourai_reisen"",""temple_byakuren"",""palace_utsuho"",""temple_murasa"",""heaven_tenshi""]","{""sdm_flandre"":1,""hourai_mokou"":1,""sage_ran"":2,""sage_kasen"":1,""palace_rin"":1,""hourai_reisen"":1,""temple_murasa"":1,""palace_satori"":1,""mtn_kanako"":1}","{""heaven"":1}","{""hourai_mokou"":2,""mtn_aya"":11,""temple_shou"":7,""sage_ran"":4,""sdm_flandre"":1,""medicine"":1,""sage_kasen"":2,""hell_komachi"":5,""sage_mai_satono"":2,""palace_rin"":2,""mtn_kanako"":7,""palace_satori"":5,""hourai_reisen"":1,""temple_byakuren"":5,""palace_utsuho"":3,""temple_murasa"":1,""heaven_tenshi"":2}","[""mtn_aya"",""temple_byakuren"",""temple_shou"",""heaven_tenshi""]"
"comparison","3549964884","4","","","2","baseline","stalemate","","0","2","33","[""sdm_remilia"",""palace_koishi"",""marisa"",""palace_utsuho"",""sage_yukari"",""sdm_sakuya"",""heaven_iku"",""hell_eiki"",""temple_nue"",""reimu"",""haku_yuyuko"",""hell_hecatia"",""heaven_tenshi"",""hell_kutaka""]","{""marisa"":1,""heaven_iku"":1,""temple_nue"":1,""hell_kutaka"":1}","{}","{""sdm_remilia"":3,""palace_koishi"":11,""marisa"":1,""palace_utsuho"":5,""sage_yukari"":3,""sdm_sakuya"":9,""heaven_iku"":1,""hell_eiki"":8,""temple_nue"":1,""reimu"":4,""haku_yuyuko"":5,""hell_hecatia"":4}","[""palace_koishi"",""hell_eiki"",""haku_yuyuko"",""hell_hecatia"",""palace_utsuho""]"
"comparison","3549964884","4","","","3","current","stalemate","","0","1","33","[""yuuka"",""haku_youmu"",""mtn_sanae"",""hell_clownpiece"",""hourai_kaguya"",""mtn_suwako"",""sage_matara"",""hourai_eirin"",""sdm_patchouli"",""sage_mai_satono"",""sdm_remilia"",""sage_yukari"",""temple_ichirin"",""sdm_sakuya"",""hell_komachi""]","{""mtn_sanae"":1,""sage_matara"":1,""hourai_kaguya"":1,""hourai_eirin"":1,""sdm_patchouli"":1,""mtn_suwako"":1,""sage_yukari"":1,""sdm_remilia"":1,""hell_clownpiece"":1}","{}","{""yuuka"":10,""haku_youmu"":9,""mtn_sanae"":1,""hell_clownpiece"":10,""hourai_kaguya"":4,""mtn_suwako"":7,""sage_matara"":1,""hourai_eirin"":6,""sdm_patchouli"":2,""sage_mai_satono"":6,""sdm_remilia"":4,""sage_yukari"":2,""temple_ichirin"":2,""sdm_sakuya"":2,""hell_komachi"":1}","[""sage_mai_satono"",""hourai_eirin"",""temple_ichirin"",""sdm_sakuya"",""hell_komachi""]"
"comparison","3549964884","4","","","1","baseline","win","2","0","3","27","[""hourai_mokou"",""mtn_aya"",""temple_shou"",""sage_ran"",""sdm_flandre"",""medicine"",""sage_kasen"",""hell_komachi"",""hourai_reisen"",""hourai_eirin"",""reimu"",""temple_nue"",""mtn_kanako"",""temple_byakuren"",""mtn_suwako""]","{""sdm_flandre"":1,""hourai_mokou"":1,""sage_ran"":1,""hell_komachi"":1,""sage_kasen"":1,""temple_nue"":1,""temple_shou"":1}","{""heaven"":1}","{""hourai_mokou"":2,""mtn_aya"":9,""temple_shou"":9,""sage_ran"":3,""sdm_flandre"":1,""medicine"":1,""sage_kasen"":2,""hourai_reisen"":5,""hourai_eirin"":5,""reimu"":4,""temple_nue"":1,""mtn_kanako"":4,""temple_byakuren"":2}","[""mtn_aya"",""hourai_eirin"",""mtn_kanako"",""temple_byakuren"",""mtn_suwako"",""hourai_reisen""]"
"comparison","3549964884","4","","","2","current","win","2","1","7","27","[""sdm_remilia"",""palace_koishi"",""marisa"",""palace_utsuho"",""sage_yukari"",""sdm_sakuya"",""sage_mai_satono"",""heaven_tenshi"",""haku_yuyuko"",""hell_hecatia"",""yuuka"",""hell_eiki"",""sdm_patchouli""]","{""marisa"":1,""sage_yukari"":1,""sage_mai_satono"":1,""palace_utsuho"":1,""hell_hecatia"":1,""sdm_patchouli"":1,""palace_koishi"":1,""haku_yuyuko"":1}","{""sage"":1}","{""sdm_remilia"":10,""palace_koishi"":9,""marisa"":2,""palace_utsuho"":7,""sage_yukari"":2,""sdm_sakuya"":10,""heaven_tenshi"":5,""hell_hecatia"":3,""yuuka"":4,""hell_eiki"":3,""haku_yuyuko"":1}","[""sdm_sakuya"",""hell_eiki""]"
"comparison","3549964884","4","","","3","current","win","2","0","2","27","[""yuuka"",""haku_youmu"",""mtn_sanae"",""hell_clownpiece"",""hourai_kaguya"",""mtn_suwako"",""sage_matara"",""heaven_iku"",""palace_satori"",""hell_kutaka"",""haku_yuyuko"",""temple_murasa"",""sdm_patchouli"",""temple_ichirin"",""palace_rin"",""sage_kasen""]","{""mtn_sanae"":1,""sage_matara"":1,""heaven_iku"":1,""palace_satori"":1,""haku_youmu"":1,""temple_murasa"":1,""palace_rin"":1}","{}","{""yuuka"":3,""haku_youmu"":4,""mtn_sanae"":1,""hell_clownpiece"":8,""hourai_kaguya"":8,""mtn_suwako"":4,""sage_matara"":1,""heaven_iku"":1,""palace_satori"":1,""hell_kutaka"":4,""haku_yuyuko"":3,""temple_murasa"":1,""sdm_patchouli"":1,""temple_ichirin"":1,""palace_rin"":1}","[""hell_clownpiece"",""hell_kutaka"",""hourai_kaguya"",""temple_ichirin"",""sage_kasen""]"
"comparison","3566742503","5","","","1","current","win","1","1","7","24","[""hourai_eirin"",""temple_byakuren"",""sage_matara"",""heaven_iku"",""marisa"",""yuuka"",""heaven_tenshi"",""sdm_remilia"",""sdm_patchouli"",""sdm_sakuya"",""palace_satori"",""sdm_meiling"",""hourai_tewi""]","{""heaven_iku"":1,""heaven_tenshi"":1,""sage_matara"":1,""sdm_remilia"":1,""sdm_sakuya"":1,""sdm_patchouli"":1,""sdm_meiling"":1}","{""heaven"":1,""sdm"":1}","{""hourai_eirin"":4,""temple_byakuren"":10,""sage_matara"":6,""heaven_iku"":4,""marisa"":4,""yuuka"":4,""heaven_tenshi"":4,""sdm_remilia"":2,""sdm_patchouli"":3,""sdm_sakuya"":1,""palace_satori"":1,""sdm_meiling"":2,""hourai_tewi"":1}","[""temple_byakuren"",""hourai_tewi""]"
"comparison","3566742503","5","","","2","baseline","win","1","0","0","24","[""hell_hecatia"",""hourai_kaguya"",""sage_ran"",""mtn_aya"",""mtn_sanae"",""haku_youmu"",""hell_eiki"",""hell_komachi"",""hourai_reisen"",""hourai_tewi"",""haku_yuyuko"",""sage_kasen""]","{""sage_ran"":1,""mtn_sanae"":1,""haku_youmu"":1,""hell_eiki"":1}","{}","{""hell_hecatia"":4,""hourai_kaguya"":7,""sage_ran"":1,""mtn_aya"":3,""mtn_sanae"":2,""haku_youmu"":3,""hell_eiki"":6,""hell_komachi"":6,""hourai_reisen"":5,""hourai_tewi"":4,""haku_yuyuko"":4,""sage_kasen"":1}","[""hourai_kaguya"",""hell_komachi"",""hourai_reisen"",""haku_yuyuko"",""hell_eiki"",""sage_kasen""]"
"comparison","3566742503","5","","","3","baseline","win","1","0","2","24","[""mtn_kanako"",""palace_rin"",""palace_utsuho"",""sdm_remilia"",""reimu"",""temple_nue"",""sdm_sakuya"",""palace_yuugi"",""hourai_mokou"",""temple_murasa"",""hourai_eirin"",""hell_clownpiece""]","{""temple_nue"":1,""palace_yuugi"":2,""palace_rin"":1,""temple_murasa"":1}","{}","{""mtn_kanako"":7,""palace_rin"":4,""palace_utsuho"":5,""sdm_remilia"":2,""reimu"":2,""temple_nue"":1,""sdm_sakuya"":6,""hourai_mokou"":2,""palace_yuugi"":1,""temple_murasa"":2,""hourai_eirin"":2}","[""mtn_kanako"",""hourai_eirin"",""hell_clownpiece""]"
"comparison","3566742503","5","","","1","baseline","win","2","0","6","23","[""hourai_eirin"",""temple_byakuren"",""sage_matara"",""heaven_iku"",""marisa"",""yuuka"",""heaven_tenshi"",""reimu"",""palace_koishi"",""hell_hecatia"",""trap_token"",""temple_murasa"",""hourai_reisen""]","{""heaven_iku"":1,""heaven_tenshi"":1,""marisa"":1,""reimu"":1,""yuuka"":1}","{""heaven"":1,""hakurei"":1}","{""hourai_eirin"":4,""temple_byakuren"":6,""sage_matara"":4,""heaven_iku"":4,""marisa"":6,""yuuka"":5,""heaven_tenshi"":4,""reimu"":1,""palace_koishi"":2,""hell_hecatia"":1,""trap_token"":1}","[""trap_token_1"",""temple_murasa"",""sage_matara"",""hourai_reisen"",""hell_hecatia""]"
"comparison","3566742503","5","","","2","current","win","2","1","8","23","[""hell_hecatia"",""hourai_kaguya"",""sage_ran"",""mtn_aya"",""mtn_sanae"",""haku_youmu"",""hell_eiki"",""hell_komachi"",""haku_yuyuko"",""hourai_mokou"",""hourai_tewi"",""mtn_suwako"",""sdm_remilia"",""hourai_eirin"",""sage_kasen""]","{""hell_hecatia"":1,""sage_ran"":1,""mtn_sanae"":1,""haku_youmu"":1,""haku_yuyuko"":1,""hourai_mokou"":1,""hourai_kaguya"":1,""hourai_tewi"":1,""hourai_eirin"":1,""sage_kasen"":1}","{""hakugyokurou"":1,""hourai"":1,""sunflower"":1}","{""hell_hecatia"":1,""hourai_kaguya"":7,""sage_ran"":2,""mtn_aya"":5,""mtn_sanae"":3,""haku_youmu"":4,""hell_eiki"":8,""hell_komachi"":6,""haku_yuyuko"":1,""hourai_mokou"":2,""hourai_tewi"":1,""mtn_suwako"":3,""sdm_remilia"":3,""hourai_eirin"":1,""sage_kasen"":1}","[""hell_eiki"",""hell_komachi"",""mtn_suwako"",""sdm_remilia""]"
"comparison","3566742503","5","","","3","baseline","win","2","0","1","23","[""mtn_kanako"",""palace_rin"",""palace_utsuho"",""sdm_remilia"",""reimu"",""temple_nue"",""sdm_sakuya"",""palace_yuugi"",""mtn_sanae"",""mtn_aya"",""temple_shou"",""palace_satori"",""hourai_tewi"",""trap_token"",""hell_clownpiece""]","{""temple_nue"":1,""palace_yuugi"":1,""palace_rin"":1,""mtn_sanae"":1,""palace_satori"":1}","{}","{""mtn_kanako"":7,""palace_rin"":3,""palace_utsuho"":7,""sdm_remilia"":2,""reimu"":2,""temple_nue"":1,""sdm_sakuya"":5,""mtn_sanae"":1,""mtn_aya"":2,""temple_shou"":1,""palace_satori"":1,""trap_token"":1}","[""mtn_kanako"",""palace_utsuho"",""mtn_aya"",""trap_token_2"",""hell_clownpiece""]"
"comparison","3566742503","5","","","1","current","win","2","0","4","23","[""hourai_eirin"",""temple_byakuren"",""sage_matara"",""heaven_iku"",""marisa"",""yuuka"",""heaven_tenshi"",""temple_shou"",""palace_utsuho"",""sage_kasen"",""palace_satori""]","{""heaven_iku"":1,""heaven_tenshi"":1,""sage_matara"":1,""temple_byakuren"":1,""marisa"":1}","{""heaven"":1}","{""hourai_eirin"":4,""temple_byakuren"":7,""sage_matara"":6,""heaven_iku"":4,""marisa"":6,""yuuka"":5,""heaven_tenshi"":4,""temple_shou"":2,""palace_utsuho"":1,""sage_kasen"":2,""palace_satori"":1}","[""temple_shou"",""sage_kasen"",""palace_satori"",""yuuka""]"
"comparison","3566742503","5","","","2","current","win","2","1","8","23","[""hell_hecatia"",""hourai_kaguya"",""sage_ran"",""mtn_aya"",""mtn_sanae"",""haku_youmu"",""hell_eiki"",""hell_komachi"",""haku_yuyuko"",""hourai_mokou"",""hourai_tewi"",""mtn_suwako"",""sdm_remilia"",""sdm_sakuya"",""hell_clownpiece"",""sdm_patchouli""]","{""hell_hecatia"":1,""sage_ran"":1,""mtn_sanae"":1,""haku_youmu"":1,""haku_yuyuko"":1,""hourai_mokou"":1,""sdm_remilia"":1,""hell_eiki"":1,""hell_komachi"":1,""hell_clownpiece"":1}","{""hakugyokurou"":1,""hell"":1}","{""hell_hecatia"":1,""hourai_kaguya"":8,""sage_ran"":2,""mtn_aya"":5,""mtn_sanae"":3,""haku_youmu"":4,""hell_eiki"":7,""hell_komachi"":6,""haku_yuyuko"":1,""hourai_mokou"":2,""hourai_tewi"":3,""mtn_suwako"":2,""sdm_remilia"":1,""sdm_sakuya"":2,""hell_clownpiece"":2,""sdm_patchouli"":1}","[""hourai_kaguya"",""hourai_tewi"",""sdm_sakuya"",""sdm_patchouli""]"
"comparison","3566742503","5","","","3","baseline","win","2","0","2","23","[""mtn_kanako"",""palace_rin"",""palace_utsuho"",""sdm_remilia"",""reimu"",""temple_nue"",""sdm_sakuya"",""palace_yuugi"",""hourai_eirin"",""temple_byakuren""]","{""temple_nue"":1,""palace_yuugi"":2,""palace_rin"":1}","{}","{""mtn_kanako"":5,""palace_rin"":3,""palace_utsuho"":5,""sdm_remilia"":2,""reimu"":2,""temple_nue"":1,""sdm_sakuya"":5,""palace_yuugi"":1,""hourai_eirin"":1}","[""hourai_eirin"",""temple_byakuren""]"
"comparison","3566742503","5","","","1","baseline","win","3","0","4","23","[""hourai_eirin"",""temple_byakuren"",""sage_matara"",""heaven_iku"",""marisa"",""yuuka"",""heaven_tenshi"",""reimu"",""hell_clownpiece""]","{""heaven_iku"":1,""heaven_tenshi"":1,""marisa"":1}","{""heaven"":1}","{""hourai_eirin"":4,""temple_byakuren"":6,""sage_matara"":4,""heaven_iku"":4,""marisa"":6,""yuuka"":4,""heaven_tenshi"":4,""reimu"":1,""hell_clownpiece"":1}","[""reimu"",""hell_clownpiece"",""sage_matara""]"
"comparison","3566742503","5","","","2","baseline","win","3","0","4","23","[""hell_hecatia"",""hourai_kaguya"",""sage_ran"",""mtn_aya"",""mtn_sanae"",""haku_youmu"",""hell_eiki"",""hell_komachi"",""hourai_reisen"",""hourai_tewi"",""haku_yuyuko"",""temple_byakuren"",""sage_kasen""]","{""sage_ran"":1,""mtn_sanae"":1,""haku_youmu"":1,""hell_eiki"":1,""haku_yuyuko"":1,""sage_kasen"":1}","{""hakurei"":1}","{""hell_hecatia"":4,""hourai_kaguya"":7,""sage_ran"":1,""mtn_aya"":3,""mtn_sanae"":2,""haku_youmu"":3,""hell_eiki"":5,""hell_komachi"":5,""hourai_reisen"":3,""hourai_tewi"":2,""haku_yuyuko"":2,""temple_byakuren"":1,""sage_kasen"":1}","[""hourai_kaguya"",""temple_byakuren"",""hell_eiki""]"
"comparison","3566742503","5","","","3","current","win","3","1","8","23","[""mtn_kanako"",""palace_rin"",""palace_utsuho"",""sdm_remilia"",""reimu"",""temple_nue"",""sdm_sakuya"",""palace_yuugi"",""hourai_mokou"",""haku_youmu"",""palace_satori"",""hourai_tewi"",""sdm_flandre"",""yuuka"",""sdm_meiling""]","{""temple_nue"":1,""palace_yuugi"":1,""palace_rin"":1,""haku_youmu"":1,""hourai_mokou"":1,""sdm_flandre"":1,""sdm_sakuya"":1,""sdm_remilia"":1,""sdm_meiling"":1}","{""hakugyokurou"":1,""sdm"":1}","{""mtn_kanako"":6,""palace_rin"":4,""palace_utsuho"":9,""sdm_remilia"":4,""reimu"":2,""temple_nue"":1,""sdm_sakuya"":7,""hourai_mokou"":2,""haku_youmu"":1,""palace_satori"":4,""hourai_tewi"":2,""sdm_flandre"":1,""yuuka"":4,""sdm_meiling"":2}","[""palace_utsuho"",""palace_satori"",""yuuka""]"
"comparison","3566742503","5","","","1","current","win","1","1","7","24","[""hourai_eirin"",""temple_byakuren"",""sage_matara"",""heaven_iku"",""marisa"",""yuuka"",""heaven_tenshi"",""sdm_remilia"",""sdm_patchouli"",""sdm_sakuya"",""palace_satori"",""sdm_meiling"",""hourai_tewi""]","{""heaven_iku"":1,""heaven_tenshi"":1,""sage_matara"":1,""sdm_remilia"":1,""sdm_sakuya"":1,""sdm_patchouli"":1,""sdm_meiling"":1}","{""heaven"":1,""sdm"":1}","{""hourai_eirin"":4,""temple_byakuren"":10,""sage_matara"":6,""heaven_iku"":4,""marisa"":4,""yuuka"":4,""heaven_tenshi"":4,""sdm_remilia"":2,""sdm_patchouli"":3,""sdm_sakuya"":1,""palace_satori"":1,""sdm_meiling"":2,""hourai_tewi"":1}","[""temple_byakuren"",""hourai_tewi""]"
"comparison","3566742503","5","","","2","baseline","win","1","0","0","24","[""hell_hecatia"",""hourai_kaguya"",""sage_ran"",""mtn_aya"",""mtn_sanae"",""haku_youmu"",""hell_eiki"",""hell_komachi"",""hourai_reisen"",""hourai_tewi"",""haku_yuyuko"",""sage_kasen""]","{""sage_ran"":1,""mtn_sanae"":1,""haku_youmu"":1,""hell_eiki"":1}","{}","{""hell_hecatia"":4,""hourai_kaguya"":7,""sage_ran"":1,""mtn_aya"":3,""mtn_sanae"":2,""haku_youmu"":3,""hell_eiki"":6,""hell_komachi"":6,""hourai_reisen"":5,""hourai_tewi"":4,""haku_yuyuko"":4,""sage_kasen"":1}","[""hourai_kaguya"",""hell_komachi"",""hourai_reisen"",""haku_yuyuko"",""hell_eiki"",""sage_kasen""]"
"comparison","3566742503","5","","","3","current","win","1","0","2","24","[""mtn_kanako"",""palace_rin"",""palace_utsuho"",""sdm_remilia"",""reimu"",""temple_nue"",""sdm_sakuya"",""palace_yuugi"",""hourai_mokou"",""temple_murasa"",""hourai_eirin"",""hell_clownpiece""]","{""temple_nue"":1,""palace_yuugi"":2,""palace_rin"":1,""temple_murasa"":1}","{}","{""mtn_kanako"":7,""palace_rin"":4,""palace_utsuho"":5,""sdm_remilia"":2,""reimu"":2,""temple_nue"":1,""sdm_sakuya"":6,""hourai_mokou"":2,""palace_yuugi"":1,""temple_murasa"":2,""hourai_eirin"":2}","[""mtn_kanako"",""hourai_eirin"",""hell_clownpiece""]"
"comparison","3566742503","5","","","1","baseline","win","2","0","6","23","[""hourai_eirin"",""temple_byakuren"",""sage_matara"",""heaven_iku"",""marisa"",""yuuka"",""heaven_tenshi"",""reimu"",""palace_koishi"",""hell_hecatia"",""trap_token"",""temple_murasa"",""hourai_reisen""]","{""heaven_iku"":1,""heaven_tenshi"":1,""marisa"":1,""reimu"":1,""yuuka"":1}","{""heaven"":1,""hakurei"":1}","{""hourai_eirin"":4,""temple_byakuren"":6,""sage_matara"":4,""heaven_iku"":4,""marisa"":6,""yuuka"":5,""heaven_tenshi"":4,""reimu"":1,""palace_koishi"":2,""hell_hecatia"":1,""trap_token"":1}","[""trap_token_1"",""temple_murasa"",""sage_matara"",""hourai_reisen"",""hell_hecatia""]"
"comparison","3566742503","5","","","2","current","win","2","1","8","23","[""hell_hecatia"",""hourai_kaguya"",""sage_ran"",""mtn_aya"",""mtn_sanae"",""haku_youmu"",""hell_eiki"",""hell_komachi"",""haku_yuyuko"",""hourai_mokou"",""hourai_tewi"",""mtn_suwako"",""sdm_remilia"",""hourai_eirin"",""sage_kasen""]","{""hell_hecatia"":1,""sage_ran"":1,""mtn_sanae"":1,""haku_youmu"":1,""haku_yuyuko"":1,""hourai_mokou"":1,""hourai_kaguya"":1,""hourai_tewi"":1,""hourai_eirin"":1,""sage_kasen"":1}","{""hakugyokurou"":1,""hourai"":1,""sunflower"":1}","{""hell_hecatia"":1,""hourai_kaguya"":7,""sage_ran"":2,""mtn_aya"":5,""mtn_sanae"":3,""haku_youmu"":4,""hell_eiki"":8,""hell_komachi"":6,""haku_yuyuko"":1,""hourai_mokou"":2,""hourai_tewi"":1,""mtn_suwako"":3,""sdm_remilia"":3,""hourai_eirin"":1,""sage_kasen"":1}","[""hell_eiki"",""hell_komachi"",""mtn_suwako"",""sdm_remilia""]"
"comparison","3566742503","5","","","3","current","win","2","0","1","23","[""mtn_kanako"",""palace_rin"",""palace_utsuho"",""sdm_remilia"",""reimu"",""temple_nue"",""sdm_sakuya"",""palace_yuugi"",""mtn_sanae"",""mtn_aya"",""temple_shou"",""palace_satori"",""hourai_tewi"",""trap_token"",""hell_clownpiece""]","{""temple_nue"":1,""palace_yuugi"":1,""palace_rin"":1,""mtn_sanae"":1,""palace_satori"":1}","{}","{""mtn_kanako"":7,""palace_rin"":3,""palace_utsuho"":7,""sdm_remilia"":2,""reimu"":2,""temple_nue"":1,""sdm_sakuya"":5,""mtn_sanae"":1,""mtn_aya"":2,""temple_shou"":1,""palace_satori"":1,""trap_token"":1}","[""mtn_kanako"",""palace_utsuho"",""mtn_aya"",""trap_token_2"",""hell_clownpiece""]"
"comparison","3382188694","4","","","1","current","win","2","0","4","21","[""mtn_aya"",""marisa"",""hourai_kaguya"",""haku_youmu"",""heaven_iku"",""medicine"",""hell_hecatia"",""mtn_kanako"",""mtn_sanae"",""palace_koishi"",""sdm_flandre""]","{""haku_youmu"":1,""marisa"":1,""mtn_sanae"":1,""sdm_flandre"":1}","{""hakugyokurou"":1}","{""mtn_aya"":6,""marisa"":4,""hourai_kaguya"":6,""haku_youmu"":4,""heaven_iku"":5,""medicine"":6,""hell_hecatia"":5,""mtn_kanako"":2,""palace_koishi"":1,""sdm_flandre"":1}","[""mtn_aya"",""medicine"",""hell_hecatia"",""mtn_kanako"",""palace_koishi""]"
"comparison","3382188694","4","","","2","baseline","win","2","1","8","21","[""mtn_sanae"",""haku_yuyuko"",""sage_yukari"",""sdm_sakuya"",""hourai_reisen"",""temple_byakuren"",""sage_ran"",""sage_mai_satono"",""hell_clownpiece"",""heaven_tenshi"",""sdm_remilia"",""sdm_meiling"",""sage_kasen"",""yuuka"",""sdm_patchouli""]","{""sage_ran"":1,""sage_mai_satono"":1,""haku_yuyuko"":1,""temple_byakuren"":1,""sdm_sakuya"":1,""sdm_remilia"":1,""sdm_patchouli"":1}","{""temple"":1,""sdm"":1}","{""mtn_sanae"":1,""haku_yuyuko"":4,""sage_yukari"":7,""sdm_sakuya"":8,""hourai_reisen"":4,""temple_byakuren"":7,""sage_ran"":1,""sage_mai_satono"":1,""hell_clownpiece"":5,""heaven_tenshi"":7,""sdm_remilia"":4,""sdm_meiling"":4,""sage_kasen"":4,""yuuka"":3,""sdm_patchouli"":1}","[""heaven_tenshi"",""sdm_meiling"",""sage_kasen"",""yuuka"",""sage_mai_satono""]"
"comparison","3382188694","4","","","3","baseline","win","2","0","0","21","[""palace_rin"",""hourai_mokou"",""palace_utsuho"",""reimu"",""temple_nue"",""mtn_suwako"",""temple_murasa"",""sage_matara"",""sage_mai_satono"",""temple_shou"",""hell_eiki"",""mtn_nitori"",""sdm_patchouli"",""palace_satori""]","{""temple_murasa"":1,""temple_nue"":1,""palace_rin"":1,""palace_utsuho"":1,""temple_shou"":1}","{}","{""palace_rin"":3,""hourai_mokou"":5,""palace_utsuho"":4,""reimu"":5,""temple_nue"":2,""mtn_suwako"":5,""temple_murasa"":1,""sage_matara"":3,""sage_mai_satono"":2,""temple_shou"":2,""hell_eiki"":1}","[""reimu"",""mtn_suwako"",""sage_matara"",""mtn_nitori"",""palace_satori""]"
"comparison","3382188694","4","","","1","baseline","win","2","0","3","23","[""mtn_aya"",""marisa"",""hourai_kaguya"",""haku_youmu"",""heaven_iku"",""medicine"",""hell_hecatia""]","{""heaven_iku"":1,""marisa"":1}","{}","{""mtn_aya"":6,""marisa"":7,""hourai_kaguya"":7,""haku_youmu"":6,""heaven_iku"":6,""medicine"":6,""hell_hecatia"":6}","[""hourai_kaguya"",""hell_hecatia""]"
"comparison","3382188694","4","","","2","current","win","2","1","7","23","[""mtn_sanae"",""haku_yuyuko"",""sage_yukari"",""sdm_sakuya"",""hourai_reisen"",""temple_byakuren"",""sage_ran"",""sage_mai_satono"",""temple_murasa"",""heaven_tenshi"",""sage_matara"",""temple_shou"",""palace_satori"",""sdm_patchouli"",""sage_kasen""]","{""sage_yukari"":2,""temple_murasa"":1,""sage_ran"":1,""sage_matara"":1,""temple_byakuren"":1,""temple_shou"":1,""haku_yuyuko"":1,""sage_kasen"":1}","{""temple"":1,""hakurei"":1}","{""mtn_sanae"":2,""haku_yuyuko"":9,""sage_yukari"":1,""sdm_sakuya"":6,""hourai_reisen"":5,""temple_byakuren"":5,""sage_ran"":4,""sage_mai_satono"":8,""temple_murasa"":1,""heaven_tenshi"":2,""temple_shou"":2,""palace_satori"":3,""sdm_patchouli"":3,""sage_kasen"":2}","[""sdm_patchouli""]"
"comparison","3382188694","4","","","3","baseline","win","2","0","0","23","[""palace_rin"",""hourai_mokou"",""palace_utsuho"",""reimu"",""temple_nue"",""mtn_suwako"",""temple_murasa"",""hell_clownpiece"",""sdm_remilia""]","{""temple_murasa"":1,""temple_nue"":2,""palace_rin"":1}","{}","{""palace_rin"":5,""hourai_mokou"":6,""palace_utsuho"":6,""reimu"":6,""temple_nue"":3,""mtn_suwako"":6,""temple_murasa"":1,""hell_clownpiece"":3,""sdm_remilia"":2}","[""hourai_mokou"",""palace_utsuho"",""reimu"",""mtn_suwako"",""hell_clownpiece"",""sdm_remilia""]"
"comparison","3382188694","4","","","1","current","win","2","0","3","23","[""mtn_aya"",""marisa"",""hourai_kaguya"",""haku_youmu"",""heaven_iku"",""medicine"",""hell_hecatia""]","{""heaven_iku"":1,""marisa"":1}","{}","{""mtn_aya"":6,""marisa"":7,""hourai_kaguya"":7,""haku_youmu"":6,""heaven_iku"":6,""medicine"":6,""hell_hecatia"":6}","[""hourai_kaguya"",""hell_hecatia""]"
"comparison","3382188694","4","","","2","current","win","2","1","7","23","[""mtn_sanae"",""haku_yuyuko"",""sage_yukari"",""sdm_sakuya"",""hourai_reisen"",""temple_byakuren"",""sage_ran"",""sage_mai_satono"",""temple_murasa"",""heaven_tenshi"",""sage_matara"",""temple_shou"",""palace_satori"",""sdm_patchouli"",""sage_kasen""]","{""sage_yukari"":2,""temple_murasa"":1,""sage_ran"":1,""sage_matara"":1,""temple_byakuren"":1,""temple_shou"":1,""haku_yuyuko"":1,""sage_kasen"":1}","{""temple"":1,""hakurei"":1}","{""mtn_sanae"":2,""haku_yuyuko"":9,""sage_yukari"":1,""sdm_sakuya"":6,""hourai_reisen"":5,""temple_byakuren"":5,""sage_ran"":4,""sage_mai_satono"":8,""temple_murasa"":1,""heaven_tenshi"":2,""temple_shou"":2,""palace_satori"":3,""sdm_patchouli"":3,""sage_kasen"":2}","[""sdm_patchouli""]"
"comparison","3382188694","4","","","3","baseline","win","2","0","0","23","[""palace_rin"",""hourai_mokou"",""palace_utsuho"",""reimu"",""temple_nue"",""mtn_suwako"",""temple_murasa"",""hell_clownpiece"",""sdm_remilia""]","{""temple_murasa"":1,""temple_nue"":2,""palace_rin"":1}","{}","{""palace_rin"":5,""hourai_mokou"":6,""palace_utsuho"":6,""reimu"":6,""temple_nue"":3,""mtn_suwako"":6,""temple_murasa"":1,""hell_clownpiece"":3,""sdm_remilia"":2}","[""hourai_mokou"",""palace_utsuho"",""reimu"",""mtn_suwako"",""hell_clownpiece"",""sdm_remilia""]"
"comparison","3382188694","4","","","1","baseline","win","1","1","7","17","[""mtn_aya"",""marisa"",""hourai_kaguya"",""haku_youmu"",""heaven_iku"",""medicine"",""hell_hecatia"",""mtn_kanako"",""mtn_sanae"",""palace_koishi"",""sdm_flandre""]","{""haku_youmu"":1,""marisa"":1,""mtn_sanae"":1,""mtn_kanako"":1,""mtn_aya"":1}","{""hakugyokurou"":1,""mountain"":1}","{""mtn_aya"":6,""marisa"":4,""hourai_kaguya"":6,""haku_youmu"":4,""heaven_iku"":5,""medicine"":6,""hell_hecatia"":5,""mtn_kanako"":2,""palace_koishi"":1,""sdm_flandre"":1}","[""hourai_kaguya"",""medicine"",""hell_hecatia"",""palace_koishi"",""sdm_flandre""]"
"comparison","3382188694","4","","","2","baseline","win","1","0","0","17","[""mtn_sanae"",""haku_yuyuko"",""sage_yukari"",""sdm_sakuya"",""hourai_reisen"",""temple_byakuren"",""sage_ran"",""sage_mai_satono"",""hell_clownpiece"",""heaven_tenshi"",""sdm_remilia"",""sdm_meiling"",""sage_kasen""]","{""sage_ran"":1,""sage_mai_satono"":1,""haku_yuyuko"":1}","{}","{""mtn_sanae"":1,""haku_yuyuko"":4,""sage_yukari"":6,""sdm_sakuya"":6,""hourai_reisen"":4,""temple_byakuren"":6,""sage_ran"":1,""sage_mai_satono"":1,""hell_clownpiece"":5,""heaven_tenshi"":3,""sdm_remilia"":1}","[""sage_yukari"",""sdm_sakuya"",""temple_byakuren"",""heaven_tenshi"",""sdm_remilia"",""sdm_meiling"",""sage_kasen""]"
"comparison","3382188694","4","","","3","current","win","1","0","1","17","[""palace_rin"",""hourai_mokou"",""palace_utsuho"",""reimu"",""temple_nue"",""mtn_suwako"",""temple_murasa"",""sage_matara"",""sage_mai_satono"",""temple_shou"",""hell_eiki"",""mtn_nitori""]","{""temple_murasa"":1,""temple_nue"":1,""palace_rin"":1,""sage_matara"":1,""mtn_nitori"":1}","{}","{""palace_rin"":3,""hourai_mokou"":5,""palace_utsuho"":5,""reimu"":5,""temple_nue"":2,""mtn_suwako"":5,""temple_murasa"":1,""sage_matara"":2,""sage_mai_satono"":2,""temple_shou"":2,""hell_eiki"":1}","[""palace_utsuho"",""reimu"",""mtn_suwako"",""sage_mai_satono"",""temple_shou"",""hell_eiki""]"
"comparison","3382188694","4","","","1","current","win","1","1","7","17","[""mtn_aya"",""marisa"",""hourai_kaguya"",""haku_youmu"",""heaven_iku"",""medicine"",""hell_hecatia"",""mtn_kanako"",""mtn_sanae"",""palace_koishi"",""sdm_flandre""]","{""haku_youmu"":1,""marisa"":1,""mtn_sanae"":1,""mtn_kanako"":1,""mtn_aya"":1}","{""hakugyokurou"":1,""mountain"":1}","{""mtn_aya"":6,""marisa"":4,""hourai_kaguya"":6,""haku_youmu"":4,""heaven_iku"":5,""medicine"":6,""hell_hecatia"":5,""mtn_kanako"":2,""palace_koishi"":1,""sdm_flandre"":1}","[""hourai_kaguya"",""medicine"",""hell_hecatia"",""palace_koishi"",""sdm_flandre""]"
"comparison","3382188694","4","","","2","baseline","win","1","0","0","17","[""mtn_sanae"",""haku_yuyuko"",""sage_yukari"",""sdm_sakuya"",""hourai_reisen"",""temple_byakuren"",""sage_ran"",""sage_mai_satono"",""hell_clownpiece"",""heaven_tenshi"",""sdm_remilia"",""sdm_meiling"",""sage_kasen""]","{""sage_ran"":1,""sage_mai_satono"":1,""haku_yuyuko"":1}","{}","{""mtn_sanae"":1,""haku_yuyuko"":4,""sage_yukari"":6,""sdm_sakuya"":6,""hourai_reisen"":4,""temple_byakuren"":6,""sage_ran"":1,""sage_mai_satono"":1,""hell_clownpiece"":5,""heaven_tenshi"":3,""sdm_remilia"":1}","[""sage_yukari"",""sdm_sakuya"",""temple_byakuren"",""heaven_tenshi"",""sdm_remilia"",""sdm_meiling"",""sage_kasen""]"
"comparison","3382188694","4","","","3","current","win","1","0","1","17","[""palace_rin"",""hourai_mokou"",""palace_utsuho"",""reimu"",""temple_nue"",""mtn_suwako"",""temple_murasa"",""sage_matara"",""sage_mai_satono"",""temple_shou"",""hell_eiki"",""mtn_nitori""]","{""temple_murasa"":1,""temple_nue"":1,""palace_rin"":1,""sage_matara"":1,""mtn_nitori"":1}","{}","{""palace_rin"":3,""hourai_mokou"":5,""palace_utsuho"":5,""reimu"":5,""temple_nue"":2,""mtn_suwako"":5,""temple_murasa"":1,""sage_matara"":2,""sage_mai_satono"":2,""temple_shou"":2,""hell_eiki"":1}","[""palace_utsuho"",""reimu"",""mtn_suwako"",""sage_mai_satono"",""temple_shou"",""hell_eiki""]"
"comparison","3382188694","4","","","1","baseline","win","2","0","3","23","[""mtn_aya"",""marisa"",""hourai_kaguya"",""haku_youmu"",""heaven_iku"",""medicine"",""hell_hecatia""]","{""heaven_iku"":1,""marisa"":1}","{}","{""mtn_aya"":6,""marisa"":7,""hourai_kaguya"":7,""haku_youmu"":6,""heaven_iku"":6,""medicine"":6,""hell_hecatia"":6}","[""hourai_kaguya"",""hell_hecatia""]"
"comparison","3382188694","4","","","2","current","win","2","1","7","23","[""mtn_sanae"",""haku_yuyuko"",""sage_yukari"",""sdm_sakuya"",""hourai_reisen"",""temple_byakuren"",""sage_ran"",""sage_mai_satono"",""temple_murasa"",""heaven_tenshi"",""sage_matara"",""temple_shou"",""palace_satori"",""sdm_patchouli"",""sage_kasen""]","{""sage_yukari"":2,""temple_murasa"":1,""sage_ran"":1,""sage_matara"":1,""temple_byakuren"":1,""temple_shou"":1,""haku_yuyuko"":1,""sage_kasen"":1}","{""temple"":1,""hakurei"":1}","{""mtn_sanae"":2,""haku_yuyuko"":9,""sage_yukari"":1,""sdm_sakuya"":6,""hourai_reisen"":5,""temple_byakuren"":5,""sage_ran"":4,""sage_mai_satono"":8,""temple_murasa"":1,""heaven_tenshi"":2,""temple_shou"":2,""palace_satori"":3,""sdm_patchouli"":3,""sage_kasen"":2}","[""sdm_patchouli""]"
"comparison","3382188694","4","","","3","current","win","2","0","0","23","[""palace_rin"",""hourai_mokou"",""palace_utsuho"",""reimu"",""temple_nue"",""mtn_suwako"",""temple_murasa"",""hell_clownpiece"",""sdm_remilia""]","{""temple_murasa"":1,""temple_nue"":2,""palace_rin"":1}","{}","{""palace_rin"":5,""hourai_mokou"":6,""palace_utsuho"":6,""reimu"":6,""temple_nue"":3,""mtn_suwako"":6,""temple_murasa"":1,""hell_clownpiece"":3,""sdm_remilia"":2}","[""hourai_mokou"",""palace_utsuho"",""reimu"",""mtn_suwako"",""hell_clownpiece"",""sdm_remilia""]"
"comparison","3398966313","5","","","1","current","win","1","1","8","25","[""hourai_mokou"",""temple_nue"",""sage_ran"",""palace_satori"",""sdm_remilia"",""hell_komachi"",""heaven_iku"",""sage_kasen"",""hourai_reisen"",""palace_utsuho"",""heaven_tenshi"",""hell_eiki"",""sage_matara"",""yuuka"",""temple_byakuren"",""palace_koishi"",""mtn_sanae""]","{""temple_nue"":1,""heaven_iku"":1,""palace_satori"":1,""sage_ran"":1,""heaven_tenshi"":1,""sage_kasen"":1,""hourai_mokou"":1,""temple_byakuren"":1}","{""hakugyokurou"":1,""temple"":1}","{""hourai_mokou"":3,""temple_nue"":1,""sage_ran"":3,""palace_satori"":3,""sdm_remilia"":2,""hell_komachi"":3,""heaven_iku"":1,""sage_kasen"":3,""hourai_reisen"":6,""palace_utsuho"":5,""heaven_tenshi"":1,""hell_eiki"":3,""sage_matara"":1,""yuuka"":1,""temple_byakuren"":1,""palace_koishi"":1}","[""hourai_reisen"",""palace_utsuho"",""hell_eiki"",""sage_matara"",""palace_koishi"",""mtn_sanae""]"
"comparison","3398966313","5","","","2","baseline","win","1","0","1","25","[""hell_hecatia"",""mtn_sanae"",""marisa"",""hell_clownpiece"",""haku_youmu"",""hourai_eirin"",""sage_kasen"",""mtn_aya"",""hell_komachi"",""sdm_flandre"",""mtn_kanako"",""medicine""]","{""marisa"":1,""mtn_sanae"":1,""sdm_flandre"":1}","{}","{""hell_hecatia"":8,""mtn_sanae"":2,""marisa"":1,""hell_clownpiece"":8,""haku_youmu"":8,""hourai_eirin"":8,""mtn_aya"":5,""hell_komachi"":2,""sdm_flandre"":1,""mtn_kanako"":2,""medicine"":2}","[""hell_hecatia"",""hell_clownpiece"",""haku_youmu"",""hourai_eirin"",""mtn_aya"",""mtn_kanako"",""medicine""]"
"comparison","3398966313","5","","","3","baseline","win","1","0","3","25","[""palace_rin"",""mtn_suwako"",""hourai_kaguya"",""reimu"",""temple_shou"",""medicine"",""temple_nue"",""sage_matara"",""haku_yuyuko"",""sage_mai_satono"",""temple_murasa"",""sdm_remilia"",""sage_yukari"",""sdm_sakuya"",""sdm_patchouli""]","{""palace_rin"":1,""temple_nue"":1,""mtn_suwako"":1,""haku_yuyuko"":1,""temple_murasa"":1,""temple_shou"":1}","{}","{""palace_rin"":1,""mtn_suwako"":4,""hourai_kaguya"":8,""reimu"":4,""temple_shou"":7,""medicine"":5,""temple_nue"":1,""sage_matara"":3,""haku_yuyuko"":2,""sage_mai_satono"":4,""temple_murasa"":1,""sdm_remilia"":2,""sage_yukari"":1,""sdm_sakuya"":1}","[""hourai_kaguya"",""sage_mai_satono"",""sage_yukari"",""sdm_sakuya"",""sdm_remilia"",""sdm_patchouli""]"
"comparison","3398966313","5","","","1","baseline","win","2","0","5","20","[""hourai_mokou"",""temple_nue"",""sage_ran"",""palace_satori"",""sdm_remilia"",""hell_komachi"",""heaven_iku"",""reimu"",""sage_matara"",""sage_yukari"",""sage_mai_satono"",""haku_yuyuko"",""yuuka"",""mtn_suwako"",""temple_shou"",""mtn_kanako""]","{""temple_nue"":1,""heaven_iku"":1,""palace_satori"":1,""haku_yuyuko"":1,""yuuka"":1}","{}","{""hourai_mokou"":2,""temple_nue"":1,""sage_ran"":2,""palace_satori"":3,""sdm_remilia"":2,""hell_komachi"":3,""heaven_iku"":1,""reimu"":2,""sage_matara"":3,""sage_yukari"":2,""sage_mai_satono"":1,""haku_yuyuko"":1,""yuuka"":1}","[""mtn_suwako"",""temple_shou"",""mtn_kanako"",""sage_yukari""]"
"comparison","3398966313","5","","","2","current","win","2","1","7","20","[""hell_hecatia"",""mtn_sanae"",""marisa"",""hell_clownpiece"",""haku_youmu"",""hourai_eirin"",""temple_byakuren"",""sage_kasen"",""hell_komachi"",""hourai_reisen"",""sage_mai_satono"",""hourai_mokou"",""medicine""]","{""marisa"":1,""hell_hecatia"":1,""mtn_sanae"":1,""hell_clownpiece"":1,""hell_komachi"":1,""sage_kasen"":1,""haku_youmu"":1,""temple_byakuren"":1,""medicine"":1}","{""hell"":1,""hakugyokurou"":1,""sunflower"":1}","{""hell_hecatia"":2,""mtn_sanae"":3,""marisa"":1,""hell_clownpiece"":4,""haku_youmu"":6,""hourai_eirin"":6,""temple_byakuren"":3,""sage_kasen"":2,""hell_komachi"":2,""hourai_reisen"":2,""sage_mai_satono"":1,""hourai_mokou"":1}","[""sage_mai_satono""]"
"comparison","3398966313","5","","","3","baseline","win","2","0","2","20","[""palace_rin"",""mtn_suwako"",""hourai_kaguya"",""reimu"",""temple_shou"",""medicine"",""temple_nue"",""sage_ran"",""palace_utsuho"",""palace_yuugi"",""heaven_tenshi"",""hell_hecatia"",""hell_eiki""]","{""palace_rin"":1,""temple_nue"":1,""palace_yuugi"":1,""sage_ran"":1}","{}","{""palace_rin"":1,""mtn_suwako"":4,""hourai_kaguya"":6,""reimu"":2,""temple_shou"":4,""medicine"":4,""temple_nue"":1,""sage_ran"":2,""palace_utsuho"":3,""heaven_tenshi"":2,""hell_hecatia"":1}","[""palace_utsuho"",""hell_hecatia"",""hell_eiki""]"
"comparison","3398966313","5","","","1","current","win","3","0","3","34","[""hourai_mokou"",""temple_nue"",""sage_ran"",""palace_satori"",""sdm_remilia"",""hell_komachi"",""heaven_iku"",""medicine"",""sage_matara"",""temple_byakuren"",""sdm_meiling"",""palace_koishi"",""hourai_reisen"",""sdm_sakuya"",""hell_clownpiece"",""hourai_eirin"",""hell_hecatia"",""heaven_tenshi""]","{""temple_nue"":1,""heaven_iku"":1,""palace_satori"":1,""sage_matara"":1,""temple_byakuren"":1,""hourai_mokou"":1,""hell_hecatia"":1}","{}","{""hourai_mokou"":3,""temple_nue"":1,""sage_ran"":2,""palace_satori"":3,""sdm_remilia"":4,""hell_komachi"":5,""heaven_iku"":1,""medicine"":4,""sage_matara"":1,""temple_byakuren"":1,""palace_koishi"":3,""hourai_reisen"":4,""sdm_sakuya"":2,""hell_clownpiece"":3,""hourai_eirin"":1,""hell_hecatia"":1,""heaven_tenshi"":1}","[""hourai_reisen"",""hell_clownpiece"",""hourai_eirin"",""heaven_tenshi""]"
"comparison","3398966313","5","","","2","current","win","3","0","4","34","[""hell_hecatia"",""mtn_sanae"",""marisa"",""hell_clownpiece"",""haku_youmu"",""hourai_eirin"",""temple_byakuren"",""sage_kasen"",""palace_utsuho"",""palace_yuugi"",""mtn_kanako"",""sdm_patchouli"",""sage_mai_satono"",""temple_shou"",""temple_murasa"",""sdm_flandre"",""sage_yukari"",""haku_yuyuko"",""hell_komachi""]","{""marisa"":1,""hell_hecatia"":1,""mtn_sanae"":1,""haku_youmu"":1,""sage_kasen"":1,""palace_yuugi"":1,""sdm_patchouli"":1,""temple_murasa"":1,""sage_yukari"":1,""sdm_flandre"":1,""temple_shou"":1}","{""hakugyokurou"":1}","{""hell_hecatia"":2,""mtn_sanae"":5,""marisa"":1,""hell_clownpiece"":5,""haku_youmu"":4,""hourai_eirin"":5,""temple_byakuren"":2,""sage_kasen"":1,""palace_utsuho"":7,""mtn_kanako"":6,""sdm_patchouli"":1,""sage_mai_satono"":5,""temple_shou"":4,""temple_murasa"":1,""sdm_flandre"":3,""sage_yukari"":1,""haku_yuyuko"":2}","[""mtn_kanako"",""haku_yuyuko"",""palace_utsuho"",""hell_komachi""]"
"comparison","3398966313","5","","","3","baseline","win","3","1","7","34","[""palace_rin"",""mtn_suwako"",""hourai_kaguya"",""reimu"",""temple_shou"",""medicine"",""temple_nue"",""sage_ran"",""sage_mai_satono"",""sage_yukari"",""mtn_aya"",""haku_yuyuko"",""sdm_remilia"",""sdm_patchouli"",""hell_eiki"",""yuuka"",""sdm_sakuya"",""sdm_meiling""]","{""palace_rin"":1,""temple_nue"":1,""sage_ran"":1,""haku_yuyuko"":1,""sdm_remilia"":1,""sdm_sakuya"":1,""sdm_patchouli"":1}","{""sdm"":1}","{""palace_rin"":1,""mtn_suwako"":12,""hourai_kaguya"":12,""reimu"":4,""temple_shou"":6,""medicine"":2,""temple_nue"":1,""sage_ran"":1,""sage_mai_satono"":1,""sage_yukari"":2,""mtn_aya"":8,""haku_yuyuko"":1,""sdm_remilia"":4,""sdm_patchouli"":5,""hell_eiki"":5,""yuuka"":4,""sdm_sakuya"":1,""sdm_meiling"":2}","[""mtn_suwako"",""hourai_kaguya"",""mtn_aya"",""hell_eiki"",""yuuka"",""sdm_meiling"",""sage_mai_satono""]"
"comparison","3398966313","5","","","1","baseline","win","2","0","5","38","[""hourai_mokou"",""temple_nue"",""sage_ran"",""palace_satori"",""sdm_remilia"",""hell_komachi"",""heaven_iku"",""sage_kasen"",""hourai_reisen"",""haku_yuyuko"",""heaven_tenshi"",""haku_youmu"",""hell_eiki"",""temple_shou"",""mtn_kanako"",""yuuka"",""hourai_kaguya"",""mtn_aya"",""mtn_suwako"",""hourai_eirin"",""reimu""]","{""temple_nue"":1,""heaven_iku"":1,""palace_satori"":1,""sage_kasen"":1,""haku_yuyuko"":1}","{}","{""hourai_mokou"":2,""temple_nue"":1,""sage_ran"":2,""palace_satori"":3,""sdm_remilia"":2,""hell_komachi"":4,""heaven_iku"":1,""sage_kasen"":2,""hourai_reisen"":3,""haku_yuyuko"":2,""heaven_tenshi"":2,""hell_eiki"":1,""temple_shou"":3,""mtn_kanako"":3,""yuuka"":3,""hourai_kaguya"":3,""mtn_aya"":2,""mtn_suwako"":1}","[""yuuka"",""hourai_kaguya"",""mtn_aya"",""mtn_suwako"",""hourai_eirin"",""reimu""]"
"comparison","3398966313","5","","","2","baseline","win","2","1","9","38","[""hell_hecatia"",""mtn_sanae"",""marisa"",""hell_clownpiece"",""haku_youmu"",""hourai_eirin"",""sage_kasen"",""mtn_aya"",""sage_ran"",""sage_mai_satono"",""palace_utsuho"",""sdm_sakuya"",""palace_yuugi"",""sdm_meiling"",""temple_murasa"",""reimu"",""mtn_suwako"",""sdm_remilia"",""sdm_patchouli"",""mtn_kanako""]","{""marisa"":1,""mtn_sanae"":1,""sage_ran"":1,""palace_yuugi"":1,""temple_murasa"":1,""sage_mai_satono"":1,""sdm_sakuya"":1,""sdm_patchouli"":1,""sdm_meiling"":1,""sdm_remilia"":1}","{""sage"":1,""sdm"":1}","{""hell_hecatia"":5,""mtn_sanae"":2,""marisa"":1,""hell_clownpiece"":6,""haku_youmu"":4,""hourai_eirin"":5,""mtn_aya"":2,""sage_ran"":1,""sage_mai_satono"":4,""palace_utsuho"":8,""sdm_sakuya"":5,""sdm_meiling"":5,""temple_murasa"":1,""reimu"":5,""mtn_suwako"":5,""sdm_remilia"":5,""sdm_patchouli"":2,""mtn_kanako"":1}","[""palace_utsuho""]"
"comparison","3398966313","5","","","3","current","win","2","0","3","38","[""palace_rin"",""mtn_suwako"",""hourai_kaguya"",""reimu"",""temple_shou"",""medicine"",""temple_nue"",""sage_matara"",""hell_komachi"",""sdm_flandre"",""temple_byakuren"",""mtn_aya"",""sage_yukari"",""sdm_remilia"",""hell_hecatia"",""hourai_mokou"",""haku_youmu"",""heaven_tenshi"",""palace_satori"",""palace_koishi"",""mtn_kanako""]","{""palace_rin"":1,""temple_nue"":1,""sage_matara"":3,""sdm_flandre"":2,""temple_byakuren"":1,""sage_yukari"":2,""hourai_mokou"":1,""palace_satori"":1}","{}","{""palace_rin"":1,""mtn_suwako"":6,""hourai_kaguya"":6,""reimu"":6,""temple_shou"":6,""medicine"":5,""temple_nue"":1,""sage_matara"":3,""hell_komachi"":7,""sdm_flandre"":1,""temple_byakuren"":1,""mtn_aya"":3,""sage_yukari"":2,""sdm_remilia"":1,""hell_hecatia"":2,""hourai_mokou"":1,""haku_youmu"":1,""heaven_tenshi"":1,""palace_satori"":1,""palace_koishi"":1,""mtn_kanako"":1}","[""haku_youmu"",""heaven_tenshi"",""palace_koishi"",""mtn_kanako"",""temple_shou"",""hell_hecatia""]"
"comparison","3398966313","5","","","1","current","win","2","0","6","36","[""hourai_mokou"",""temple_nue"",""sage_ran"",""palace_satori"",""sdm_remilia"",""hell_komachi"",""heaven_iku"",""sage_kasen"",""hourai_reisen"",""haku_yuyuko"",""heaven_tenshi"",""hell_eiki"",""haku_youmu"",""hell_hecatia"",""temple_murasa"",""mtn_kanako""]","{""temple_nue"":1,""heaven_iku"":1,""palace_satori"":1,""heaven_tenshi"":1,""sage_kasen"":1,""haku_yuyuko"":1,""haku_youmu"":1,""temple_murasa"":1,""hourai_reisen"":1}","{""heaven"":1,""hakugyokurou"":1}","{""hourai_mokou"":2,""temple_nue"":1,""sage_ran"":2,""palace_satori"":3,""sdm_remilia"":2,""hell_komachi"":3,""heaven_iku"":1,""sage_kasen"":3,""hourai_reisen"":8,""haku_yuyuko"":3,""heaven_tenshi"":1,""hell_eiki"":1,""haku_youmu"":1,""hell_hecatia"":4,""temple_murasa"":1,""mtn_kanako"":1}","[""hell_hecatia""]"
"comparison","3398966313","5","","","2","baseline","win","2","1","7","36","[""hell_hecatia"",""mtn_sanae"",""marisa"",""hell_clownpiece"",""haku_youmu"",""hourai_eirin"",""sage_kasen"",""mtn_aya"",""sage_ran"",""sage_mai_satono"",""palace_utsuho"",""sdm_sakuya"",""palace_yuugi"",""sdm_meiling"",""palace_koishi"",""temple_byakuren"",""sdm_patchouli"",""sage_matara"",""yuuka"",""mtn_kanako""]","{""marisa"":1,""mtn_sanae"":1,""sage_ran"":1,""palace_yuugi"":1,""sdm_patchouli"":1,""sage_mai_satono"":1,""sage_matara"":1,""palace_utsuho"":1,""palace_koishi"":1,""yuuka"":1}","{""sage"":1,""sunflower"":1}","{""hell_hecatia"":5,""mtn_sanae"":2,""marisa"":1,""hell_clownpiece"":6,""haku_youmu"":4,""hourai_eirin"":5,""mtn_aya"":2,""sage_ran"":1,""sage_mai_satono"":5,""palace_utsuho"":7,""sdm_sakuya"":4,""sdm_meiling"":2,""palace_koishi"":6,""temple_byakuren"":6,""sdm_patchouli"":1,""sage_matara"":2,""yuuka"":4,""mtn_kanako"":1}","[""temple_byakuren"",""mtn_kanako""]"
"comparison","3398966313","5","","","3","current","win","2","0","3","36","[""palace_rin"",""mtn_suwako"",""hourai_kaguya"",""reimu"",""temple_shou"",""medicine"",""temple_nue"",""sage_matara"",""hell_komachi"",""sdm_flandre"",""hourai_mokou"",""hourai_eirin"",""sdm_remilia"",""mtn_aya"",""sage_yukari"",""sdm_sakuya"",""sdm_meiling""]","{""palace_rin"":1,""temple_nue"":1,""sage_matara"":1,""sdm_flandre"":1,""hourai_mokou"":1,""sage_yukari"":1,""sdm_remilia"":1,""medicine"":1}","{}","{""palace_rin"":1,""mtn_suwako"":6,""hourai_kaguya"":11,""reimu"":11,""temple_shou"":11,""medicine"":11,""temple_nue"":1,""sage_matara"":1,""hell_komachi"":2,""sdm_flandre"":1,""hourai_mokou"":1,""hourai_eirin"":5,""sdm_remilia"":2,""mtn_aya"":5,""sage_yukari"":1,""sdm_sakuya"":3,""sdm_meiling"":3}","[""hourai_kaguya"",""reimu"",""temple_shou"",""hourai_eirin"",""mtn_aya"",""sdm_sakuya"",""sdm_meiling""]"
"comparison","3398966313","5","","","1","baseline","win","2","0","5","20","[""hourai_mokou"",""temple_nue"",""sage_ran"",""palace_satori"",""sdm_remilia"",""hell_komachi"",""heaven_iku"",""reimu"",""sage_matara"",""sage_yukari"",""sage_mai_satono"",""haku_yuyuko"",""yuuka"",""mtn_suwako"",""temple_shou"",""mtn_kanako""]","{""temple_nue"":1,""heaven_iku"":1,""palace_satori"":1,""haku_yuyuko"":1,""yuuka"":1}","{}","{""hourai_mokou"":2,""temple_nue"":1,""sage_ran"":2,""palace_satori"":3,""sdm_remilia"":2,""hell_komachi"":3,""heaven_iku"":1,""reimu"":2,""sage_matara"":3,""sage_yukari"":2,""sage_mai_satono"":1,""haku_yuyuko"":1,""yuuka"":1}","[""mtn_suwako"",""temple_shou"",""mtn_kanako"",""sage_yukari""]"
"comparison","3398966313","5","","","2","current","win","2","1","7","20","[""hell_hecatia"",""mtn_sanae"",""marisa"",""hell_clownpiece"",""haku_youmu"",""hourai_eirin"",""temple_byakuren"",""sage_kasen"",""hell_komachi"",""hourai_reisen"",""sage_mai_satono"",""hourai_mokou"",""medicine""]","{""marisa"":1,""hell_hecatia"":1,""mtn_sanae"":1,""hell_clownpiece"":1,""hell_komachi"":1,""sage_kasen"":1,""haku_youmu"":1,""temple_byakuren"":1,""medicine"":1}","{""hell"":1,""hakugyokurou"":1,""sunflower"":1}","{""hell_hecatia"":2,""mtn_sanae"":3,""marisa"":1,""hell_clownpiece"":4,""haku_youmu"":6,""hourai_eirin"":6,""temple_byakuren"":3,""sage_kasen"":2,""hell_komachi"":2,""hourai_reisen"":2,""sage_mai_satono"":1,""hourai_mokou"":1}","[""sage_mai_satono""]"
"comparison","3398966313","5","","","3","current","win","2","0","2","20","[""palace_rin"",""mtn_suwako"",""hourai_kaguya"",""reimu"",""temple_shou"",""medicine"",""temple_nue"",""sage_ran"",""palace_utsuho"",""palace_yuugi"",""heaven_tenshi"",""hell_hecatia"",""hell_eiki""]","{""palace_rin"":1,""temple_nue"":1,""palace_yuugi"":1,""sage_ran"":1}","{}","{""palace_rin"":1,""mtn_suwako"":4,""hourai_kaguya"":6,""reimu"":2,""temple_shou"":4,""medicine"":4,""temple_nue"":1,""sage_ran"":2,""palace_utsuho"":3,""heaven_tenshi"":2,""hell_hecatia"":1}","[""palace_utsuho"",""hell_hecatia"",""hell_eiki""]"
"comparison","1988653923","4","","","1","current","win","3","0","4","30","[""hourai_mokou"",""haku_yuyuko"",""temple_murasa"",""sage_matara"",""hourai_reisen"",""temple_nue"",""palace_koishi"",""mtn_kanako"",""temple_byakuren"",""sdm_flandre"",""marisa"",""reimu"",""yuuka"",""palace_utsuho"",""hell_hecatia"",""temple_shou"",""sage_ran""]","{""temple_murasa"":1,""sage_matara"":1,""haku_yuyuko"":1,""temple_nue"":1,""temple_byakuren"":1,""marisa"":1,""reimu"":1,""yuuka"":1}","{""hakurei"":1}","{""hourai_mokou"":3,""haku_yuyuko"":3,""temple_murasa"":1,""sage_matara"":2,""hourai_reisen"":5,""temple_nue"":4,""palace_koishi"":5,""mtn_kanako"":6,""temple_byakuren"":1,""marisa"":1,""reimu"":1,""yuuka"":1,""palace_utsuho"":1}","[""hell_hecatia"",""temple_shou"",""sage_ran"",""mtn_kanako""]"
"comparison","1988653923","4","","","2","baseline","win","3","0","3","30","[""hourai_kaguya"",""sage_yukari"",""reimu"",""hell_eiki"",""sdm_remilia"",""haku_youmu"",""mtn_aya"",""hourai_eirin"",""hourai_mokou"",""hell_clownpiece"",""sdm_patchouli"",""sdm_flandre"",""palace_rin"",""sage_matara""]","{""haku_youmu"":1,""hourai_mokou"":1,""sdm_remilia"":1,""sdm_flandre"":1,""sdm_patchouli"":1,""palace_rin"":1}","{""hakugyokurou"":1}","{""hourai_kaguya"":7,""sage_yukari"":6,""reimu"":5,""hell_eiki"":9,""sdm_remilia"":6,""haku_youmu"":4,""mtn_aya"":8,""hourai_eirin"":5,""hell_clownpiece"":4,""sdm_patchouli"":3,""sdm_flandre"":1,""palace_rin"":1}","[""hell_eiki"",""mtn_aya"",""hourai_eirin"",""hell_clownpiece"",""sage_yukari"",""sage_matara""]"
"comparison","1988653923","4","","","3","baseline","win","3","1","10","30","[""yuuka"",""palace_rin"",""hourai_eirin"",""heaven_iku"",""sdm_sakuya"",""sage_kasen"",""hell_komachi"",""mtn_sanae"",""palace_utsuho"",""hourai_mokou"",""palace_satori"",""mtn_suwako"",""mtn_nitori"",""medicine"",""sage_yukari"",""heaven_tenshi"",""palace_koishi""]","{""sage_kasen"":1,""heaven_iku"":1,""yuuka"":1,""mtn_sanae"":1,""palace_satori"":1,""mtn_suwako"":1,""sdm_sakuya"":1,""palace_utsuho"":1,""palace_koishi"":1}","{""sdm"":1,""palace"":1}","{""yuuka"":3,""palace_rin"":2,""hourai_eirin"":2,""heaven_iku"":2,""sdm_sakuya"":3,""sage_kasen"":1,""hell_komachi"":10,""mtn_sanae"":1,""palace_utsuho"":3,""hourai_mokou"":1,""palace_satori"":2,""mtn_suwako"":4,""mtn_nitori"":7,""medicine"":7,""sage_yukari"":2,""heaven_tenshi"":6,""palace_koishi"":5}","[""mtn_nitori"",""medicine"",""hell_komachi"",""heaven_tenshi""]"
"comparison","1988653923","4","","","1","baseline","win","2","0","4","40","[""hourai_mokou"",""haku_yuyuko"",""temple_murasa"",""sage_matara"",""hourai_reisen"",""temple_nue"",""palace_koishi"",""sdm_flandre"",""hell_hecatia"",""mtn_kanako"",""temple_byakuren"",""reimu"",""haku_youmu"",""sdm_patchouli"",""hell_kutaka"",""sage_ran"",""sage_mai_satono"",""heaven_tenshi"",""heaven_iku""]","{""temple_murasa"":1,""temple_nue"":1,""sdm_flandre"":1,""temple_byakuren"":1,""sdm_patchouli"":1,""sage_ran"":1,""heaven_iku"":1,""heaven_tenshi"":1}","{""heaven"":1}","{""hourai_mokou"":4,""haku_yuyuko"":5,""temple_murasa"":1,""sage_matara"":4,""hourai_reisen"":4,""temple_nue"":2,""palace_koishi"":3,""sdm_flandre"":1,""hell_hecatia"":3,""mtn_kanako"":6,""temple_byakuren"":1,""reimu"":1,""haku_youmu"":5,""sdm_patchouli"":2,""hell_kutaka"":3,""sage_ran"":1,""sage_mai_satono"":1,""heaven_tenshi"":2,""heaven_iku"":1}","[""haku_yuyuko""]"
"comparison","1988653923","4","","","2","current","win","2","1","7","40","[""hourai_kaguya"",""sage_yukari"",""reimu"",""hell_eiki"",""sdm_remilia"",""haku_youmu"",""mtn_aya"",""heaven_iku"",""hourai_reisen"",""sdm_sakuya"",""hell_clownpiece"",""sage_matara"",""medicine"",""palace_utsuho"",""hell_hecatia"",""marisa"",""mtn_suwako"",""hourai_eirin""]","{""sage_yukari"":1,""heaven_iku"":1,""sdm_remilia"":1,""sage_matara"":1,""hell_hecatia"":1,""hourai_reisen"":1,""marisa"":1,""hourai_kaguya"":1,""hourai_eirin"":1}","{""hourai"":1}","{""hourai_kaguya"":13,""sage_yukari"":3,""reimu"":4,""hell_eiki"":4,""sdm_remilia"":5,""haku_youmu"":4,""mtn_aya"":9,""heaven_iku"":1,""hourai_reisen"":5,""sdm_sakuya"":8,""hell_clownpiece"":8,""sage_matara"":1,""medicine"":7,""palace_utsuho"":6,""hell_hecatia"":1,""marisa"":1,""mtn_suwako"":2,""hourai_eirin"":1}","[""sdm_sakuya"",""hell_clownpiece"",""medicine"",""palace_utsuho"",""mtn_suwako""]"
"comparison","1988653923","4","","","3","baseline","win","2","0","6","40","[""yuuka"",""palace_rin"",""hourai_eirin"",""heaven_iku"",""sdm_sakuya"",""sage_kasen"",""hell_komachi"",""hell_hecatia"",""sdm_patchouli"",""haku_yuyuko"",""temple_byakuren"",""palace_koishi"",""hourai_mokou"",""palace_satori"",""temple_shou"",""mtn_sanae"",""reimu"",""hell_eiki"",""mtn_suwako"",""hell_kutaka"",""mtn_nitori"",""sdm_remilia"",""sage_matara"",""mtn_kanako"",""mtn_aya""]","{""sage_kasen"":1,""heaven_iku"":1,""palace_rin"":1,""haku_yuyuko"":1,""hourai_mokou"":1,""temple_shou"":1,""hell_eiki"":1,""palace_koishi"":1,""palace_satori"":1,""reimu"":1,""mtn_sanae"":1}","{""hakurei"":1}","{""yuuka"":4,""palace_rin"":3,""hourai_eirin"":2,""heaven_iku"":2,""sdm_sakuya"":4,""sage_kasen"":1,""hell_komachi"":12,""hell_hecatia"":1,""sdm_patchouli"":2,""haku_yuyuko"":1,""temple_byakuren"":2,""palace_koishi"":5,""hourai_mokou"":1,""palace_satori"":5,""temple_shou"":1,""mtn_sanae"":6,""reimu"":3,""hell_eiki"":1,""mtn_suwako"":3,""mtn_nitori"":2,""sdm_remilia"":2,""sage_matara"":1,""mtn_kanako"":1}","[""hell_komachi"",""mtn_nitori"",""sage_matara"",""mtn_kanako"",""mtn_aya"",""temple_shou""]"
"comparison","1988653923","4","","","1","current","win","1","1","8","44","[""hourai_mokou"",""haku_yuyuko"",""temple_murasa"",""sage_matara"",""hourai_reisen"",""temple_nue"",""palace_koishi"",""sage_mai_satono"",""mtn_suwako"",""hell_komachi"",""medicine"",""hourai_eirin"",""heaven_tenshi"",""mtn_aya"",""mtn_kanako"",""mtn_nitori"",""marisa"",""hell_eiki""]","{""temple_murasa"":1,""sage_matara"":1,""haku_yuyuko"":1,""temple_nue"":1,""medicine"":1,""mtn_nitori"":1,""mtn_kanako"":1,""mtn_aya"":1,""heaven_tenshi"":1}","{""sunflower"":1,""mountain"":1,""heaven"":1}","{""hourai_mokou"":4,""haku_yuyuko"":3,""temple_murasa"":1,""sage_matara"":2,""hourai_reisen"":3,""temple_nue"":4,""palace_koishi"":4,""sage_mai_satono"":4,""mtn_suwako"":4,""hell_komachi"":6,""medicine"":3,""hourai_eirin"":6,""heaven_tenshi"":5,""mtn_aya"":3,""mtn_kanako"":2,""marisa"":1,""hell_eiki"":1}","[""hourai_mokou"",""marisa""]"
"comparison","1988653923","4","","","2","current","win","1","0","3","44","[""hourai_kaguya"",""sage_yukari"",""reimu"",""hell_eiki"",""sdm_remilia"",""haku_youmu"",""mtn_aya"",""yuuka"",""medicine"",""sage_ran"",""temple_byakuren"",""sdm_patchouli"",""sage_mai_satono"",""palace_rin"",""mtn_sanae"",""hell_clownpiece"",""sdm_flandre"",""hell_hecatia""]","{""haku_youmu"":1,""sage_yukari"":3,""medicine"":1,""sage_ran"":2,""temple_byakuren"":2,""sdm_remilia"":1,""sdm_patchouli"":1,""yuuka"":1,""mtn_sanae"":1,""sdm_flandre"":1}","{""hakugyokurou"":1}","{""hourai_kaguya"":14,""sage_yukari"":6,""reimu"":12,""hell_eiki"":8,""sdm_remilia"":9,""haku_youmu"":4,""mtn_aya"":10,""yuuka"":7,""medicine"":1,""sage_ran"":2,""temple_byakuren"":3,""sdm_patchouli"":1,""sage_mai_satono"":5,""mtn_sanae"":2,""hell_clownpiece"":2,""sdm_flandre"":1}","[""hell_clownpiece"",""hell_hecatia""]"
"comparison","1988653923","4","","","3","baseline","win","1","0","4","44","[""yuuka"",""palace_rin"",""hourai_eirin"",""heaven_iku"",""sdm_sakuya"",""sage_kasen"",""hell_komachi"",""mtn_sanae"",""palace_utsuho"",""hourai_mokou"",""palace_satori"",""mtn_kanako"",""temple_byakuren"",""heaven_tenshi"",""hourai_reisen"",""sage_matara"",""temple_shou"",""palace_koishi"",""sdm_patchouli"",""hell_clownpiece"",""mtn_suwako"",""sdm_flandre"",""reimu"",""sage_ran""]","{""sage_kasen"":1,""heaven_iku"":2,""yuuka"":1,""hourai_mokou"":1,""temple_byakuren"":1,""palace_rin"":2,""temple_shou"":1,""palace_satori"":1}","{}","{""yuuka"":3,""palace_rin"":4,""hourai_eirin"":3,""heaven_iku"":3,""sdm_sakuya"":2,""sage_kasen"":1,""hell_komachi"":3,""mtn_sanae"":2,""palace_utsuho"":6,""hourai_mokou"":1,""palace_satori"":5,""temple_byakuren"":1,""heaven_tenshi"":1,""hourai_reisen"":2,""sage_matara"":3,""temple_shou"":1,""palace_koishi"":5,""hell_clownpiece"":4,""mtn_suwako"":3,""sdm_flandre"":2,""reimu"":1}","[""palace_koishi"",""palace_utsuho"",""sage_matara"",""reimu"",""sage_ran""]"
"comparison","1988653923","4","","","1","baseline","win","3","0","4","32","[""hourai_mokou"",""haku_yuyuko"",""temple_murasa"",""sage_matara"",""hourai_reisen"",""temple_nue"",""palace_koishi"",""medicine"",""palace_satori"",""heaven_tenshi"",""marisa"",""sage_mai_satono"",""sage_yukari"",""yuuka"",""mtn_suwako"",""mtn_sanae"",""temple_shou""]","{""temple_murasa"":1,""temple_nue"":1,""haku_yuyuko"":1,""heaven_tenshi"":1,""marisa"":1,""palace_satori"":1,""yuuka"":1,""mtn_sanae"":1}","{""heaven"":1}","{""hourai_mokou"":4,""haku_yuyuko"":3,""temple_murasa"":1,""sage_matara"":6,""hourai_reisen"":5,""temple_nue"":2,""palace_koishi"":3,""palace_satori"":5,""heaven_tenshi"":1,""marisa"":1,""sage_yukari"":1,""yuuka"":1,""mtn_suwako"":1,""mtn_sanae"":1,""temple_shou"":1}","[""sage_matara"",""mtn_suwako"",""hourai_reisen"",""temple_shou"",""sage_yukari""]"
"comparison","1988653923","4","","","2","baseline","win","3","0","3","32","[""hourai_kaguya"",""sage_yukari"",""reimu"",""hell_eiki"",""sdm_remilia"",""haku_youmu"",""mtn_aya"",""sdm_sakuya"",""sdm_flandre"",""medicine"",""hell_clownpiece"",""hell_hecatia"",""palace_koishi"",""hell_komachi""]","{""sdm_remilia"":2,""reimu"":1,""sdm_flandre"":1,""medicine"":1,""mtn_aya"":1}","{""sunflower"":1}","{""hourai_kaguya"":10,""sage_yukari"":7,""reimu"":4,""hell_eiki"":6,""sdm_remilia"":4,""haku_youmu"":10,""mtn_aya"":9,""sdm_sakuya"":7,""sdm_flandre"":1,""medicine"":3,""hell_clownpiece"":3,""hell_hecatia"":2,""palace_koishi"":1}","[""hourai_kaguya"",""sdm_sakuya"",""hell_clownpiece"",""hell_hecatia"",""palace_koishi"",""hell_komachi""]"
"comparison","1988653923","4","","","3","current","win","3","1","8","32","[""yuuka"",""palace_rin"",""hourai_eirin"",""heaven_iku"",""sdm_sakuya"",""sage_kasen"",""hell_komachi"",""sage_ran"",""mtn_kanako"",""sdm_flandre"",""mtn_nitori"",""palace_utsuho"",""temple_byakuren"",""sdm_patchouli"",""sage_mai_satono""]","{""heaven_iku"":2,""sage_kasen"":1,""palace_rin"":1,""mtn_nitori"":1,""sage_ran"":1,""sdm_patchouli"":1,""mtn_kanako"":1}","{""hakugyokurou"":1,""mountain"":1}","{""yuuka"":4,""palace_rin"":3,""hourai_eirin"":7,""heaven_iku"":2,""sdm_sakuya"":2,""sage_kasen"":2,""hell_komachi"":5,""sage_ran"":4,""mtn_kanako"":8,""sdm_flandre"":1,""palace_utsuho"":4,""temple_byakuren"":2,""sdm_patchouli"":1,""sage_mai_satono"":2}","[""palace_utsuho"",""sage_mai_satono"",""temple_byakuren""]"
"comparison","1988653923","4","","","1","current","win","3","0","2","26","[""hourai_mokou"",""haku_yuyuko"",""temple_murasa"",""sage_matara"",""hourai_reisen"",""temple_nue"",""palace_koishi"",""palace_utsuho"",""mtn_suwako"",""sage_yukari"",""mtn_aya""]","{""temple_murasa"":1,""sage_matara"":1,""haku_yuyuko"":1}","{}","{""hourai_mokou"":3,""haku_yuyuko"":6,""temple_murasa"":1,""sage_matara"":2,""hourai_reisen"":4,""temple_nue"":2,""palace_koishi"":7,""palace_utsuho"":5,""mtn_suwako"":2,""sage_yukari"":1}","[""palace_koishi"",""palace_utsuho"",""hourai_reisen"",""mtn_aya""]"
"comparison","1988653923","4","","","2","baseline","win","3","0","2","26","[""hourai_kaguya"",""sage_yukari"",""reimu"",""hell_eiki"",""sdm_remilia"",""haku_youmu"",""mtn_aya"",""sdm_sakuya"",""sage_mai_satono"",""temple_nue"",""sdm_patchouli"",""palace_satori""]","{""sdm_remilia"":1,""reimu"":1,""sage_mai_satono"":1,""temple_nue"":1,""sdm_patchouli"":1,""palace_satori"":1}","{}","{""hourai_kaguya"":9,""sage_yukari"":5,""reimu"":4,""hell_eiki"":5,""sdm_remilia"":6,""haku_youmu"":5,""mtn_aya"":6,""sdm_sakuya"":6,""temple_nue"":1,""sdm_patchouli"":1,""palace_satori"":1}","[""sdm_sakuya"",""sage_yukari""]"
"comparison","1988653923","4","","","3","current","win","3","1","8","26","[""yuuka"",""palace_rin"",""hourai_eirin"",""heaven_iku"",""sdm_sakuya"",""sage_kasen"",""hell_komachi"",""heaven_tenshi"",""sage_matara"",""medicine"",""temple_murasa"",""sage_ran"",""mtn_suwako"",""hell_clownpiece"",""temple_shou"",""temple_byakuren"",""haku_youmu"",""marisa"",""hourai_mokou"",""mtn_sanae""]","{""heaven_iku"":1,""sage_kasen"":1,""palace_rin"":1,""sage_matara"":1,""medicine"":1,""yuuka"":1,""temple_murasa"":1,""temple_byakuren"":1,""temple_shou"":1}","{""heaven"":1,""sunflower"":1,""temple"":1}","{""yuuka"":6,""palace_rin"":3,""hourai_eirin"":6,""heaven_iku"":1,""sdm_sakuya"":2,""sage_kasen"":2,""hell_komachi"":6,""heaven_tenshi"":4,""sage_matara"":1,""medicine"":2,""temple_murasa"":3,""sage_ran"":4,""mtn_suwako"":1,""hell_clownpiece"":2,""temple_shou"":3,""temple_byakuren"":2,""haku_youmu"":2}","[""marisa"",""hourai_mokou"",""mtn_sanae""]"
"comparison","1988653923","4","","","1","baseline","win","3","0","3","26","[""hourai_mokou"",""haku_yuyuko"",""temple_murasa"",""sage_matara"",""hourai_reisen"",""temple_nue"",""palace_koishi"",""medicine"",""palace_satori"",""heaven_tenshi"",""marisa"",""reimu""]","{""temple_murasa"":1,""temple_nue"":1,""haku_yuyuko"":1,""heaven_tenshi"":1,""palace_satori"":1,""reimu"":1}","{""heaven"":1}","{""hourai_mokou"":3,""haku_yuyuko"":3,""temple_murasa"":1,""sage_matara"":3,""hourai_reisen"":4,""temple_nue"":2,""palace_koishi"":3,""palace_satori"":4,""heaven_tenshi"":1,""marisa"":2,""medicine"":2,""reimu"":1}","[""medicine"",""marisa"",""sage_matara"",""hourai_reisen""]"
"comparison","1988653923","4","","","2","current","win","3","0","0","26","[""hourai_kaguya"",""sage_yukari"",""reimu"",""hell_eiki"",""sdm_remilia"",""haku_youmu"",""mtn_aya"",""mtn_nitori"",""sdm_sakuya"",""hourai_eirin"",""yuuka"",""hourai_mokou"",""mtn_sanae""]","{""sage_yukari"":1,""mtn_nitori"":1,""sdm_remilia"":1,""mtn_aya"":1}","{}","{""hourai_kaguya"":8,""sage_yukari"":3,""reimu"":6,""hell_eiki"":8,""sdm_remilia"":5,""haku_youmu"":8,""mtn_aya"":5,""mtn_nitori"":1,""sdm_sakuya"":3,""hourai_eirin"":3,""yuuka"":1,""hourai_mokou"":1}","[""hourai_kaguya"",""hell_eiki"",""haku_youmu"",""sdm_sakuya"",""hourai_eirin"",""hourai_mokou"",""mtn_sanae""]"
"comparison","1988653923","4","","","3","current","win","3","1","8","26","[""yuuka"",""palace_rin"",""hourai_eirin"",""heaven_iku"",""sdm_sakuya"",""sage_kasen"",""hell_komachi"",""sage_ran"",""mtn_kanako"",""sage_yukari"",""palace_utsuho"",""temple_shou"",""sage_matara"",""mtn_suwako""]","{""heaven_iku"":2,""sage_kasen"":1,""palace_rin"":1,""sage_yukari"":1,""sage_matara"":1,""mtn_kanako"":1,""mtn_suwako"":1}","{""hakugyokurou"":1,""mountain"":1}","{""yuuka"":5,""palace_rin"":3,""hourai_eirin"":4,""heaven_iku"":2,""sdm_sakuya"":4,""sage_kasen"":2,""hell_komachi"":8,""sage_ran"":3,""mtn_kanako"":6,""palace_utsuho"":3,""temple_shou"":1,""sage_matara"":1,""mtn_suwako"":1}","[""hell_komachi"",""palace_utsuho"",""yuuka""]"
"comparison","1971876304","5","","","1","current","win","1","1","8","22","[""haku_youmu"",""palace_koishi"",""palace_utsuho"",""hourai_kaguya"",""temple_byakuren"",""sage_ran"",""palace_rin"",""sage_matara"",""sdm_remilia"",""haku_yuyuko"",""heaven_tenshi"",""hell_clownpiece"",""mtn_aya"",""reimu"",""trap_token""]","{""sage_ran"":1,""palace_rin"":1,""haku_yuyuko"":1,""haku_youmu"":1,""hourai_kaguya"":1}","{""hakugyokurou"":1,""hourai"":1}","{""haku_youmu"":5,""palace_koishi"":8,""palace_utsuho"":4,""hourai_kaguya"":8,""temple_byakuren"":8,""sage_ran"":1,""palace_rin"":1,""sdm_remilia"":1,""haku_yuyuko"":1,""heaven_tenshi"":4,""hell_clownpiece"":4,""mtn_aya"":3,""reimu"":2,""trap_token"":1}","[""palace_koishi"",""temple_byakuren"",""heaven_tenshi"",""hell_clownpiece"",""mtn_aya"",""reimu"",""trap_token_1""]"
"comparison","1971876304","5","","","2","baseline","win","1","0","3","22","[""sdm_patchouli"",""sage_matara"",""sdm_flandre"",""temple_shou"",""medicine"",""hell_hecatia"",""marisa"",""mtn_suwako"",""sage_yukari"",""sage_kasen"",""hourai_mokou"",""temple_ichirin"",""hell_eiki"",""hell_komachi"",""temple_nue"",""trap_token""]","{""sdm_flandre"":1,""sdm_patchouli"":1,""marisa"":1,""sage_kasen"":1,""hourai_mokou"":1,""sage_yukari"":1}","{""hakurei"":1}","{""sdm_patchouli"":2,""sage_matara"":6,""sdm_flandre"":1,""temple_shou"":7,""medicine"":6,""hell_hecatia"":7,""marisa"":1,""mtn_suwako"":4,""sage_yukari"":3,""sage_kasen"":1,""hourai_mokou"":1,""temple_ichirin"":1,""hell_eiki"":1,""hell_komachi"":1,""temple_nue"":1}","[""temple_shou"",""hell_hecatia"",""sage_matara"",""mtn_suwako"",""temple_ichirin"",""hell_eiki"",""hell_komachi"",""temple_nue"",""trap_token_2""]"
"comparison","1971876304","5","","","3","baseline","win","1","0","2","22","[""mtn_kanako"",""palace_satori"",""hell_eiki"",""haku_yuyuko"",""heaven_iku"",""mtn_sanae"",""hourai_eirin"",""hourai_reisen"",""yuuka"",""sdm_sakuya"",""hourai_tewi"",""palace_utsuho"",""temple_murasa"",""sdm_remilia""]","{""heaven_iku"":1,""mtn_sanae"":1,""temple_murasa"":1,""hourai_reisen"":1,""hourai_tewi"":1}","{}","{""mtn_kanako"":7,""palace_satori"":1,""hell_eiki"":1,""haku_yuyuko"":1,""heaven_iku"":1,""mtn_sanae"":2,""hourai_eirin"":5,""hourai_reisen"":4,""yuuka"":4,""sdm_sakuya"":1,""hourai_tewi"":3,""palace_utsuho"":3,""temple_murasa"":1,""sdm_remilia"":2}","[""mtn_kanako"",""hourai_eirin"",""yuuka"",""palace_utsuho"",""sdm_remilia""]"
"comparison","1971876304","5","","","1","baseline","win","2","0","2","23","[""haku_youmu"",""palace_koishi"",""palace_utsuho"",""hourai_kaguya"",""temple_byakuren"",""sage_ran"",""palace_rin"",""sage_matara"",""sdm_remilia"",""heaven_tenshi"",""temple_nue"",""hourai_eirin"",""temple_ichirin"",""mtn_aya""]","{""sage_ran"":1,""palace_rin"":1,""heaven_tenshi"":1,""temple_nue"":1,""palace_utsuho"":1}","{""heaven"":1}","{""haku_youmu"":7,""palace_koishi"":8,""palace_utsuho"":8,""hourai_kaguya"":8,""temple_byakuren"":8,""sage_ran"":1,""palace_rin"":1,""sdm_remilia"":1,""heaven_tenshi"":1,""temple_nue"":1,""hourai_eirin"":3,""temple_ichirin"":1,""mtn_aya"":1}","[]"
"comparison","1971876304","5","","","2","current","win","2","1","7","23","[""sdm_patchouli"",""sage_matara"",""sdm_flandre"",""temple_shou"",""medicine"",""hell_hecatia"",""marisa"",""haku_yuyuko"",""reimu"",""hourai_mokou"",""sage_yukari"",""temple_murasa"",""mtn_suwako"",""hell_eiki"",""temple_byakuren"",""hourai_kaguya"",""haku_youmu""]","{""sdm_flandre"":1,""sdm_patchouli"":1,""sage_matara"":3,""marisa"":1,""reimu"":1,""sage_yukari"":1,""hourai_mokou"":1,""haku_yuyuko"":1}","{""hakurei"":1}","{""sdm_patchouli"":2,""sage_matara"":4,""sdm_flandre"":1,""temple_shou"":3,""medicine"":3,""hell_hecatia"":3,""marisa"":2,""haku_yuyuko"":7,""reimu"":1,""hourai_mokou"":4,""sage_yukari"":2,""temple_murasa"":1,""mtn_suwako"":1,""hell_eiki"":1,""temple_byakuren"":1,""hourai_kaguya"":1}","[""temple_byakuren"",""hourai_kaguya"",""haku_youmu""]"
"comparison","1971876304","5","","","3","baseline","win","2","0","2","23","[""mtn_kanako"",""palace_satori"",""hell_eiki"",""haku_yuyuko"",""heaven_iku"",""mtn_sanae"",""hourai_eirin"",""hourai_reisen"",""hourai_tewi"",""sdm_remilia"",""medicine"",""temple_shou"",""sage_kasen""]","{""heaven_iku"":1,""mtn_sanae"":1,""palace_satori"":1}","{}","{""mtn_kanako"":4,""palace_satori"":2,""hell_eiki"":1,""haku_yuyuko"":1,""heaven_iku"":1,""mtn_sanae"":2,""hourai_eirin"":2,""hourai_reisen"":3,""hourai_tewi"":1,""sdm_remilia"":1,""medicine"":1}","[""hourai_reisen"",""hourai_tewi"",""sdm_remilia"",""medicine"",""temple_shou"",""sage_kasen""]"
"comparison","1971876304","5","","","1","current","win","2","0","2","23","[""haku_youmu"",""palace_koishi"",""palace_utsuho"",""hourai_kaguya"",""temple_byakuren"",""sage_ran"",""palace_rin"",""sage_matara"",""sdm_remilia"",""heaven_tenshi"",""temple_nue"",""hourai_eirin"",""temple_ichirin"",""mtn_aya""]","{""sage_ran"":1,""palace_rin"":1,""heaven_tenshi"":1,""temple_nue"":1,""palace_utsuho"":1}","{""heaven"":1}","{""haku_youmu"":7,""palace_koishi"":8,""palace_utsuho"":8,""hourai_kaguya"":8,""temple_byakuren"":8,""sage_ran"":1,""palace_rin"":1,""sdm_remilia"":1,""heaven_tenshi"":1,""temple_nue"":1,""hourai_eirin"":3,""temple_ichirin"":1,""mtn_aya"":1}","[]"
"comparison","1971876304","5","","","2","current","win","2","1","7","23","[""sdm_patchouli"",""sage_matara"",""sdm_flandre"",""temple_shou"",""medicine"",""hell_hecatia"",""marisa"",""haku_yuyuko"",""reimu"",""hourai_mokou"",""sage_yukari"",""temple_murasa"",""mtn_suwako"",""hell_eiki"",""temple_byakuren"",""hourai_kaguya"",""haku_youmu""]","{""sdm_flandre"":1,""sdm_patchouli"":1,""sage_matara"":3,""marisa"":1,""reimu"":1,""sage_yukari"":1,""hourai_mokou"":1,""haku_yuyuko"":1}","{""hakurei"":1}","{""sdm_patchouli"":2,""sage_matara"":4,""sdm_flandre"":1,""temple_shou"":3,""medicine"":3,""hell_hecatia"":3,""marisa"":2,""haku_yuyuko"":7,""reimu"":1,""hourai_mokou"":4,""sage_yukari"":2,""temple_murasa"":1,""mtn_suwako"":1,""hell_eiki"":1,""temple_byakuren"":1,""hourai_kaguya"":1}","[""temple_byakuren"",""hourai_kaguya"",""haku_youmu""]"
"comparison","1971876304","5","","","3","baseline","win","2","0","2","23","[""mtn_kanako"",""palace_satori"",""hell_eiki"",""haku_yuyuko"",""heaven_iku"",""mtn_sanae"",""hourai_eirin"",""hourai_reisen"",""hourai_tewi"",""sdm_remilia"",""medicine"",""temple_shou"",""sage_kasen""]","{""heaven_iku"":1,""mtn_sanae"":1,""palace_satori"":1}","{}","{""mtn_kanako"":4,""palace_satori"":2,""hell_eiki"":1,""haku_yuyuko"":1,""heaven_iku"":1,""mtn_sanae"":2,""hourai_eirin"":2,""hourai_reisen"":3,""hourai_tewi"":1,""sdm_remilia"":1,""medicine"":1}","[""hourai_reisen"",""hourai_tewi"",""sdm_remilia"",""medicine"",""temple_shou"",""sage_kasen""]"
"comparison","1971876304","5","","","1","baseline","win","1","1","8","22","[""haku_youmu"",""palace_koishi"",""palace_utsuho"",""hourai_kaguya"",""temple_byakuren"",""sage_ran"",""palace_rin"",""sage_matara"",""sdm_remilia"",""haku_yuyuko"",""heaven_tenshi"",""hell_clownpiece"",""mtn_aya"",""reimu"",""trap_token"",""hourai_eirin""]","{""sage_ran"":1,""palace_rin"":1,""haku_yuyuko"":1,""haku_youmu"":1,""hourai_kaguya"":1,""hourai_eirin"":1}","{""hakugyokurou"":1,""hourai"":1}","{""haku_youmu"":5,""palace_koishi"":8,""palace_utsuho"":4,""hourai_kaguya"":8,""temple_byakuren"":8,""sage_ran"":1,""palace_rin"":1,""sdm_remilia"":1,""haku_yuyuko"":1,""heaven_tenshi"":4,""hell_clownpiece"":4,""mtn_aya"":3,""reimu"":2,""trap_token"":1}","[""palace_koishi"",""temple_byakuren"",""heaven_tenshi"",""hell_clownpiece"",""mtn_aya"",""reimu"",""trap_token_1""]"
"comparison","1971876304","5","","","2","baseline","win","1","0","3","22","[""sdm_patchouli"",""sage_matara"",""sdm_flandre"",""temple_shou"",""medicine"",""hell_hecatia"",""marisa"",""mtn_suwako"",""sage_yukari"",""sage_kasen"",""hourai_mokou"",""temple_ichirin"",""hell_eiki"",""hell_komachi"",""temple_nue"",""trap_token""]","{""sdm_flandre"":1,""sdm_patchouli"":1,""marisa"":1,""sage_kasen"":1,""hourai_mokou"":1,""mtn_suwako"":1}","{""hakurei"":1}","{""sdm_patchouli"":2,""sage_matara"":6,""sdm_flandre"":1,""temple_shou"":7,""medicine"":6,""hell_hecatia"":7,""marisa"":1,""mtn_suwako"":4,""sage_yukari"":3,""sage_kasen"":1,""hourai_mokou"":1,""temple_ichirin"":1,""hell_eiki"":1,""hell_komachi"":1,""temple_nue"":1}","[""temple_shou"",""hell_hecatia"",""sage_matara"",""sage_yukari"",""temple_ichirin"",""hell_eiki"",""hell_komachi"",""temple_nue"",""trap_token_2""]"
"comparison","1971876304","5","","","3","current","win","1","0","2","22","[""mtn_kanako"",""palace_satori"",""hell_eiki"",""haku_yuyuko"",""heaven_iku"",""mtn_sanae"",""hourai_eirin"",""hourai_reisen"",""yuuka"",""sdm_sakuya"",""hourai_tewi"",""palace_utsuho"",""temple_murasa"",""sdm_remilia""]","{""heaven_iku"":1,""mtn_sanae"":1,""temple_murasa"":1,""hourai_reisen"":1,""hourai_tewi"":1}","{}","{""mtn_kanako"":7,""palace_satori"":1,""hell_eiki"":1,""haku_yuyuko"":1,""heaven_iku"":1,""mtn_sanae"":2,""hourai_eirin"":5,""hourai_reisen"":4,""yuuka"":4,""sdm_sakuya"":1,""hourai_tewi"":3,""palace_utsuho"":3,""temple_murasa"":1,""sdm_remilia"":2}","[""mtn_kanako"",""yuuka"",""palace_utsuho"",""sdm_remilia""]"
"comparison","1971876304","5","","","1","current","win","1","1","8","22","[""haku_youmu"",""palace_koishi"",""palace_utsuho"",""hourai_kaguya"",""temple_byakuren"",""sage_ran"",""palace_rin"",""sage_matara"",""sdm_remilia"",""haku_yuyuko"",""heaven_tenshi"",""hell_clownpiece"",""mtn_aya"",""reimu"",""trap_token"",""hourai_eirin""]","{""sage_ran"":1,""palace_rin"":1,""haku_yuyuko"":1,""haku_youmu"":1,""hourai_kaguya"":1,""hourai_eirin"":1}","{""hakugyokurou"":1,""hourai"":1}","{""haku_youmu"":5,""palace_koishi"":8,""palace_utsuho"":4,""hourai_kaguya"":8,""temple_byakuren"":8,""sage_ran"":1,""palace_rin"":1,""sdm_remilia"":1,""haku_yuyuko"":1,""heaven_tenshi"":4,""hell_clownpiece"":4,""mtn_aya"":3,""reimu"":2,""trap_token"":1}","[""palace_koishi"",""temple_byakuren"",""heaven_tenshi"",""hell_clownpiece"",""mtn_aya"",""reimu"",""trap_token_1""]"
"comparison","1971876304","5","","","2","baseline","win","1","0","3","22","[""sdm_patchouli"",""sage_matara"",""sdm_flandre"",""temple_shou"",""medicine"",""hell_hecatia"",""marisa"",""mtn_suwako"",""sage_yukari"",""sage_kasen"",""hourai_mokou"",""temple_ichirin"",""hell_eiki"",""hell_komachi"",""temple_nue"",""trap_token""]","{""sdm_flandre"":1,""sdm_patchouli"":1,""marisa"":1,""sage_kasen"":1,""hourai_mokou"":1,""mtn_suwako"":1}","{""hakurei"":1}","{""sdm_patchouli"":2,""sage_matara"":6,""sdm_flandre"":1,""temple_shou"":7,""medicine"":6,""hell_hecatia"":7,""marisa"":1,""mtn_suwako"":4,""sage_yukari"":3,""sage_kasen"":1,""hourai_mokou"":1,""temple_ichirin"":1,""hell_eiki"":1,""hell_komachi"":1,""temple_nue"":1}","[""temple_shou"",""hell_hecatia"",""sage_matara"",""sage_yukari"",""temple_ichirin"",""hell_eiki"",""hell_komachi"",""temple_nue"",""trap_token_2""]"
"comparison","1971876304","5","","","3","current","win","1","0","2","22","[""mtn_kanako"",""palace_satori"",""hell_eiki"",""haku_yuyuko"",""heaven_iku"",""mtn_sanae"",""hourai_eirin"",""hourai_reisen"",""yuuka"",""sdm_sakuya"",""hourai_tewi"",""palace_utsuho"",""temple_murasa"",""sdm_remilia""]","{""heaven_iku"":1,""mtn_sanae"":1,""temple_murasa"":1,""hourai_reisen"":1,""hourai_tewi"":1}","{}","{""mtn_kanako"":7,""palace_satori"":1,""hell_eiki"":1,""haku_yuyuko"":1,""heaven_iku"":1,""mtn_sanae"":2,""hourai_eirin"":5,""hourai_reisen"":4,""yuuka"":4,""sdm_sakuya"":1,""hourai_tewi"":3,""palace_utsuho"":3,""temple_murasa"":1,""sdm_remilia"":2}","[""mtn_kanako"",""yuuka"",""palace_utsuho"",""sdm_remilia""]"
"comparison","1971876304","5","","","1","baseline","win","2","0","2","23","[""haku_youmu"",""palace_koishi"",""palace_utsuho"",""hourai_kaguya"",""temple_byakuren"",""sage_ran"",""palace_rin"",""sage_matara"",""sdm_remilia"",""heaven_tenshi"",""temple_nue"",""hourai_eirin"",""temple_ichirin"",""mtn_aya"",""mtn_kanako""]","{""sage_ran"":1,""palace_rin"":1,""heaven_tenshi"":1,""temple_nue"":1,""palace_utsuho"":1}","{""heaven"":1}","{""haku_youmu"":7,""palace_koishi"":8,""palace_utsuho"":8,""hourai_kaguya"":4,""temple_byakuren"":8,""sage_ran"":1,""palace_rin"":1,""sdm_remilia"":5,""heaven_tenshi"":1,""temple_nue"":1,""hourai_eirin"":3,""temple_ichirin"":1,""mtn_aya"":1}","[]"
"comparison","1971876304","5","","","2","current","win","2","1","7","23","[""sdm_patchouli"",""sage_matara"",""sdm_flandre"",""temple_shou"",""medicine"",""hell_hecatia"",""marisa"",""haku_yuyuko"",""reimu"",""hourai_mokou"",""sage_yukari"",""temple_murasa"",""mtn_suwako"",""hell_eiki"",""sdm_remilia"",""temple_byakuren"",""haku_youmu""]","{""sdm_flandre"":1,""sdm_patchouli"":1,""sage_matara"":3,""marisa"":1,""reimu"":1,""sage_yukari"":1,""hourai_mokou"":1,""haku_yuyuko"":1}","{""hakurei"":1}","{""sdm_patchouli"":2,""sage_matara"":4,""sdm_flandre"":1,""temple_shou"":3,""medicine"":3,""hell_hecatia"":3,""marisa"":2,""haku_yuyuko"":7,""reimu"":1,""hourai_mokou"":4,""sage_yukari"":2,""temple_murasa"":1,""mtn_suwako"":1,""hell_eiki"":1,""sdm_remilia"":1,""temple_byakuren"":1}","[""temple_murasa"",""temple_byakuren"",""haku_youmu""]"
"comparison","1971876304","5","","","3","current","win","2","0","2","23","[""mtn_kanako"",""palace_satori"",""hell_eiki"",""haku_yuyuko"",""heaven_iku"",""mtn_sanae"",""hourai_eirin"",""hourai_reisen"",""hourai_tewi"",""hourai_kaguya"",""medicine"",""temple_shou"",""sage_kasen""]","{""heaven_iku"":1,""mtn_sanae"":1,""palace_satori"":1}","{}","{""mtn_kanako"":4,""palace_satori"":2,""hell_eiki"":1,""haku_yuyuko"":1,""heaven_iku"":1,""mtn_sanae"":2,""hourai_eirin"":2,""hourai_reisen"":3,""hourai_tewi"":1,""hourai_kaguya"":1,""medicine"":1}","[""hourai_reisen"",""hourai_tewi"",""hourai_kaguya"",""medicine"",""temple_shou"",""sage_kasen""]"
"comparison","2022209161","4","","","1","current","win","3","0","4","30","[""mtn_suwako"",""sage_matara"",""temple_murasa"",""sdm_remilia"",""heaven_tenshi"",""palace_satori"",""palace_utsuho"",""sdm_patchouli"",""sage_kasen"",""hourai_mokou"",""hourai_eirin"",""reimu"",""mtn_aya"",""mtn_sanae"",""yuuka"",""sage_yukari"",""palace_koishi"",""sdm_meiling"",""medicine""]","{""temple_murasa"":1,""sage_matara"":1,""sdm_remilia"":1,""palace_satori"":1,""sage_kasen"":1,""heaven_tenshi"":1,""hourai_mokou"":1,""sage_yukari"":2,""sdm_patchouli"":1}","{""hakugyokurou"":1,""heaven"":1}","{""mtn_suwako"":4,""sage_matara"":2,""temple_murasa"":1,""sdm_remilia"":3,""heaven_tenshi"":6,""palace_satori"":4,""palace_utsuho"":9,""sdm_patchouli"":6,""sage_kasen"":2,""hourai_mokou"":3,""hourai_eirin"":5,""reimu"":4,""mtn_aya"":4,""mtn_sanae"":3,""yuuka"":3,""sage_yukari"":2,""palace_koishi"":3,""sdm_meiling"":1}","[""palace_utsuho"",""hourai_eirin"",""reimu"",""mtn_aya"",""mtn_sanae"",""yuuka"",""palace_koishi"",""medicine""]"
"comparison","2022209161","4","","","2","baseline","win","3","0","1","30","[""temple_shou"",""hourai_mokou"",""hell_hecatia"",""palace_rin"",""hell_eiki"",""mtn_kanako"",""haku_youmu"",""marisa"",""hell_komachi"",""medicine"",""sdm_sakuya"",""sage_mai_satono"",""sage_yukari"",""hell_clownpiece"",""sdm_flandre"",""mtn_suwako""]","{""palace_rin"":1,""marisa"":1,""hell_eiki"":1}","{}","{""temple_shou"":5,""hourai_mokou"":3,""hell_hecatia"":10,""palace_rin"":3,""hell_eiki"":7,""mtn_kanako"":10,""haku_youmu"":6,""marisa"":1,""hell_komachi"":5,""medicine"":3,""sdm_sakuya"":3,""sage_mai_satono"":3,""hell_clownpiece"":2}","[""hell_hecatia"",""mtn_kanako"",""hell_komachi"",""sage_mai_satono"",""hell_clownpiece"",""mtn_suwako""]"
"comparison","2022209161","4","","","3","baseline","win","3","1","7","30","[""temple_byakuren"",""hell_komachi"",""haku_yuyuko"",""marisa"",""medicine"",""hourai_eirin"",""sage_ran"",""sage_mai_satono"",""sdm_patchouli"",""sdm_flandre"",""heaven_iku"",""hourai_kaguya"",""temple_nue"",""hourai_reisen"",""sdm_meiling"",""sdm_sakuya"",""haku_youmu""]","{""marisa"":2,""sage_ran"":1,""haku_yuyuko"":1,""heaven_iku"":1,""temple_nue"":1,""sdm_flandre"":1}","{}","{""temple_byakuren"":9,""hell_komachi"":2,""haku_yuyuko"":4,""marisa"":2,""medicine"":4,""hourai_eirin"":4,""sage_ran"":2,""sage_mai_satono"":3,""sdm_flandre"":3,""heaven_iku"":1,""hourai_kaguya"":5,""temple_nue"":2,""hourai_reisen"":2,""sdm_meiling"":1,""sdm_sakuya"":1,""haku_youmu"":1}","[""hourai_kaguya"",""temple_byakuren"",""hourai_reisen"",""sdm_meiling"",""haku_youmu""]"
"comparison","2022209161","4","","","1","baseline","win","1","1","8","30","[""mtn_suwako"",""sage_matara"",""temple_murasa"",""sdm_remilia"",""heaven_tenshi"",""palace_satori"",""palace_utsuho"",""hourai_mokou"",""yuuka"",""sage_mai_satono"",""hell_clownpiece"",""medicine"",""palace_koishi"",""sdm_meiling"",""sdm_sakuya"",""temple_ichirin"",""hell_eiki""]","{""temple_murasa"":1,""palace_satori"":1,""sage_matara"":1,""sdm_remilia"":1,""sdm_meiling"":1,""hell_clownpiece"":1,""medicine"":1}","{""sdm"":1,""sunflower"":1}","{""mtn_suwako"":2,""sage_matara"":4,""temple_murasa"":1,""sdm_remilia"":6,""heaven_tenshi"":10,""palace_satori"":2,""palace_utsuho"":9,""hourai_mokou"":1,""yuuka"":2,""sage_mai_satono"":3,""hell_clownpiece"":6,""medicine"":5,""palace_koishi"":4,""sdm_meiling"":1,""sdm_sakuya"":3,""temple_ichirin"":2,""hell_eiki"":1}","[""heaven_tenshi"",""palace_utsuho"",""palace_koishi"",""sdm_sakuya"",""temple_ichirin"",""hell_eiki""]"
"comparison","2022209161","4","","","2","current","win","1","0","5","30","[""temple_shou"",""hourai_mokou"",""hell_hecatia"",""palace_rin"",""hell_eiki"",""mtn_kanako"",""haku_youmu"",""temple_nue"",""temple_murasa"",""sage_kasen"",""mtn_suwako"",""sdm_flandre"",""yuuka"",""temple_ichirin"",""temple_byakuren"",""hourai_reisen"",""sage_yukari"",""hourai_eirin"",""mtn_sanae""]","{""palace_rin"":1,""haku_youmu"":1,""temple_murasa"":1,""sage_kasen"":1,""sdm_flandre"":1,""hell_hecatia"":1,""temple_nue"":1,""yuuka"":2,""sage_yukari"":1}","{""hakugyokurou"":1,""heaven"":1}","{""temple_shou"":9,""hourai_mokou"":1,""hell_hecatia"":7,""palace_rin"":3,""hell_eiki"":9,""mtn_kanako"":9,""haku_youmu"":3,""temple_nue"":6,""temple_murasa"":1,""sage_kasen"":1,""mtn_suwako"":1,""sdm_flandre"":1,""yuuka"":3,""temple_byakuren"":1,""temple_ichirin"":1,""hourai_reisen"":1,""sage_yukari"":1}","[""hourai_eirin"",""mtn_sanae"",""hourai_reisen"",""temple_shou""]"
"comparison","2022209161","4","","","3","baseline","win","1","0","4","30","[""temple_byakuren"",""hell_komachi"",""haku_yuyuko"",""marisa"",""medicine"",""hourai_eirin"",""sage_ran"",""hourai_kaguya"",""heaven_iku"",""reimu"",""sdm_patchouli"",""sdm_meiling"",""sage_mai_satono"",""mtn_aya""]","{""marisa"":1,""sage_ran"":1,""haku_yuyuko"":1,""heaven_iku"":1,""sdm_patchouli"":1}","{}","{""temple_byakuren"":5,""hell_komachi"":8,""haku_yuyuko"":3,""marisa"":1,""medicine"":3,""hourai_eirin"":3,""sage_ran"":2,""hourai_kaguya"":3,""heaven_iku"":2,""reimu"":2,""sdm_patchouli"":1,""sage_mai_satono"":3,""mtn_aya"":2}","[""hell_komachi"",""sage_mai_satono"",""temple_byakuren""]"
"comparison","2022209161","4","","","1","current","win","1","1","10","34","[""mtn_suwako"",""sage_matara"",""temple_murasa"",""sdm_remilia"",""heaven_tenshi"",""palace_satori"",""palace_utsuho"",""sdm_patchouli"",""sage_kasen"",""hourai_mokou"",""hourai_eirin"",""sdm_meiling"",""temple_byakuren"",""reimu"",""temple_nue"",""hell_clownpiece"",""hell_hecatia"",""hourai_reisen""]","{""temple_murasa"":1,""sage_matara"":1,""sdm_remilia"":1,""palace_satori"":1,""palace_utsuho"":1,""sage_kasen"":1,""hourai_mokou"":1,""reimu"":1,""hell_hecatia"":1,""temple_nue"":1,""sdm_patchouli"":1,""temple_byakuren"":1}","{""palace"":1,""hakurei"":1,""temple"":1}","{""mtn_suwako"":4,""sage_matara"":2,""temple_murasa"":1,""sdm_remilia"":3,""heaven_tenshi"":7,""palace_satori"":4,""palace_utsuho"":4,""sdm_patchouli"":8,""sage_kasen"":3,""hourai_mokou"":3,""hourai_eirin"":6,""sdm_meiling"":5,""temple_byakuren"":5,""reimu"":1,""temple_nue"":3,""hell_clownpiece"":5,""hell_hecatia"":1,""hourai_reisen"":1}","[""hourai_eirin"",""hell_clownpiece"",""hourai_reisen"",""mtn_suwako""]"
"comparison","2022209161","4","","","2","current","win","1","0","3","34","[""temple_shou"",""hourai_mokou"",""hell_hecatia"",""palace_rin"",""hell_eiki"",""mtn_kanako"",""haku_youmu"",""marisa"",""hell_komachi"",""medicine"",""hourai_reisen"",""palace_koishi""]","{""palace_rin"":1,""marisa"":1,""haku_youmu"":1,""hell_hecatia"":1,""hell_eiki"":1}","{""hakugyokurou"":1}","{""temple_shou"":6,""hourai_mokou"":3,""hell_hecatia"":5,""palace_rin"":3,""hell_eiki"":9,""mtn_kanako"":11,""haku_youmu"":4,""marisa"":1,""hell_komachi"":5,""medicine"":5,""hourai_reisen"":3,""palace_koishi"":3}","[""mtn_kanako"",""hell_komachi"",""medicine"",""palace_koishi""]"
"comparison","2022209161","4","","","3","baseline","win","1","0","4","34","[""temple_byakuren"",""hell_komachi"",""haku_yuyuko"",""marisa"",""medicine"",""hourai_eirin"",""sage_ran"",""sage_mai_satono"",""sdm_patchouli"",""sdm_flandre"",""heaven_iku"",""temple_shou"",""mtn_sanae"",""sdm_sakuya"",""hourai_kaguya"",""yuuka"",""sage_yukari"",""mtn_aya"",""mtn_suwako"",""temple_ichirin""]","{""marisa"":1,""sage_ran"":1,""haku_yuyuko"":1,""sdm_flandre"":1,""temple_shou"":1,""mtn_sanae"":1,""mtn_aya"":1,""mtn_suwako"":1,""temple_ichirin"":1}","{}","{""temple_byakuren"":6,""hell_komachi"":2,""haku_yuyuko"":4,""marisa"":1,""medicine"":4,""hourai_eirin"":4,""sage_ran"":2,""sage_mai_satono"":3,""sdm_flandre"":2,""heaven_iku"":1,""mtn_sanae"":1,""sdm_sakuya"":5,""hourai_kaguya"":5,""yuuka"":4,""sage_yukari"":4,""mtn_aya"":2,""mtn_suwako"":2,""temple_ichirin"":1}","[""hourai_kaguya""]"
"comparison","2022209161","4","","","1","baseline","win","3","0","6","47","[""mtn_suwako"",""sage_matara"",""temple_murasa"",""sdm_remilia"",""heaven_tenshi"",""palace_satori"",""palace_utsuho"",""hourai_mokou"",""yuuka"",""sage_mai_satono"",""hell_clownpiece"",""medicine"",""palace_koishi"",""sdm_meiling"",""sdm_sakuya"",""temple_byakuren"",""hourai_kaguya"",""temple_ichirin"",""hell_hecatia"",""mtn_sanae"",""sage_yukari""]","{""temple_murasa"":1,""palace_satori"":1,""sage_matara"":1,""sdm_remilia"":1,""sdm_sakuya"":1,""sdm_meiling"":1,""temple_byakuren"":1,""medicine"":1,""sage_mai_satono"":1}","{""sdm"":1}","{""mtn_suwako"":3,""sage_matara"":4,""temple_murasa"":1,""sdm_remilia"":6,""heaven_tenshi"":10,""palace_satori"":2,""palace_utsuho"":9,""hourai_mokou"":1,""yuuka"":2,""sage_mai_satono"":5,""hell_clownpiece"":7,""medicine"":7,""palace_koishi"":4,""sdm_meiling"":2,""sdm_sakuya"":1,""hourai_kaguya"":1,""temple_ichirin"":1,""temple_byakuren"":1,""hell_hecatia"":1,""mtn_sanae"":2,""sage_yukari"":1}","[""sage_yukari"",""mtn_suwako""]"
"comparison","2022209161","4","","","2","baseline","win","3","0","5","47","[""temple_shou"",""hourai_mokou"",""hell_hecatia"",""palace_rin"",""hell_eiki"",""mtn_kanako"",""haku_youmu"",""temple_nue"",""temple_murasa"",""sage_kasen"",""mtn_suwako"",""sdm_flandre"",""mtn_aya"",""mtn_sanae"",""palace_koishi"",""hell_clownpiece"",""hourai_eirin"",""heaven_tenshi"",""hourai_reisen""]","{""palace_rin"":1,""haku_youmu"":1,""temple_murasa"":1,""sage_kasen"":1,""sdm_flandre"":1,""temple_nue"":1,""mtn_sanae"":1,""palace_koishi"":1,""hell_clownpiece"":1,""hell_eiki"":1}","{""hakugyokurou"":1,""heaven"":1}","{""temple_shou"":6,""hourai_mokou"":1,""hell_hecatia"":9,""palace_rin"":3,""hell_eiki"":15,""mtn_kanako"":11,""haku_youmu"":3,""temple_nue"":5,""temple_murasa"":1,""sage_kasen"":1,""mtn_suwako"":4,""sdm_flandre"":1,""mtn_aya"":6,""mtn_sanae"":2,""palace_koishi"":3,""hell_clownpiece"":5,""hourai_eirin"":4,""heaven_tenshi"":3,""hourai_reisen"":2}","[""hourai_eirin"",""mtn_kanako"",""hourai_reisen"",""mtn_sanae""]"
"comparison","2022209161","4","","","3","current","win","3","1","12","47","[""temple_byakuren"",""hell_komachi"",""haku_yuyuko"",""marisa"",""medicine"",""hourai_eirin"",""sage_ran"",""hourai_kaguya"",""heaven_iku"",""reimu"",""sdm_patchouli"",""sdm_meiling"",""sage_mai_satono"",""yuuka"",""sage_yukari"",""sdm_remilia"",""hourai_reisen"",""palace_utsuho"",""mtn_suwako"",""mtn_kanako"",""hourai_mokou"",""temple_ichirin"",""hell_hecatia""]","{""marisa"":1,""sage_ran"":1,""haku_yuyuko"":1,""heaven_iku"":1,""sdm_patchouli"":1,""sage_yukari"":2,""sage_mai_satono"":1,""hourai_mokou"":1,""hell_hecatia"":1,""yuuka"":1,""temple_ichirin"":1,""hell_komachi"":1}","{""sunflower"":1,""hell"":1}","{""temple_byakuren"":4,""hell_komachi"":13,""haku_yuyuko"":3,""marisa"":1,""medicine"":3,""hourai_eirin"":3,""sage_ran"":2,""hourai_kaguya"":9,""heaven_iku"":2,""reimu"":2,""sdm_patchouli"":1,""sage_mai_satono"":5,""yuuka"":7,""sage_yukari"":2,""sdm_remilia"":8,""hourai_reisen"":6,""palace_utsuho"":1,""mtn_suwako"":5,""mtn_kanako"":3,""temple_ichirin"":4,""hell_hecatia"":2}","[""hourai_kaguya"",""sdm_remilia""]"
"comparison","2022209161","4","","","1","current","win","3","0","5","31","[""mtn_suwako"",""sage_matara"",""temple_murasa"",""sdm_remilia"",""heaven_tenshi"",""palace_satori"",""palace_utsuho"",""sdm_patchouli"",""sage_kasen"",""hourai_mokou"",""hourai_eirin"",""reimu"",""mtn_aya"",""mtn_sanae"",""yuuka"",""sage_yukari"",""palace_koishi"",""sdm_meiling"",""sdm_flandre""]","{""temple_murasa"":1,""sage_matara"":1,""sdm_remilia"":1,""palace_satori"":1,""sage_kasen"":1,""heaven_tenshi"":1,""hourai_mokou"":1,""sage_yukari"":1,""mtn_sanae"":1,""sdm_flandre"":1}","{""hakugyokurou"":1,""heaven"":1}","{""mtn_suwako"":4,""sage_matara"":2,""temple_murasa"":1,""sdm_remilia"":3,""heaven_tenshi"":6,""palace_satori"":4,""palace_utsuho"":9,""sdm_patchouli"":5,""sage_kasen"":2,""hourai_mokou"":3,""hourai_eirin"":5,""reimu"":4,""mtn_aya"":4,""mtn_sanae"":2,""yuuka"":3,""sage_yukari"":1,""palace_koishi"":3,""sdm_flandre"":1}","[""palace_utsuho"",""hourai_eirin"",""reimu"",""yuuka"",""palace_koishi""]"
"comparison","2022209161","4","","","2","baseline","win","3","0","1","31","[""temple_shou"",""hourai_mokou"",""hell_hecatia"",""palace_rin"",""hell_eiki"",""mtn_kanako"",""haku_youmu"",""marisa"",""hell_komachi"",""medicine"",""sdm_sakuya"",""sage_mai_satono"",""sage_yukari"",""hell_clownpiece"",""hourai_reisen""]","{""palace_rin"":1,""marisa"":1,""hell_eiki"":1,""hell_clownpiece"":1}","{}","{""temple_shou"":5,""hourai_mokou"":3,""hell_hecatia"":10,""palace_rin"":3,""hell_eiki"":7,""mtn_kanako"":10,""haku_youmu"":6,""marisa"":1,""hell_komachi"":5,""medicine"":3,""sdm_sakuya"":2,""sage_mai_satono"":3,""sage_yukari"":1,""hell_clownpiece"":2,""hourai_reisen"":1}","[""hell_hecatia"",""mtn_kanako"",""hell_komachi"",""hourai_reisen"",""hell_eiki""]"
"comparison","2022209161","4","","","3","current","win","3","1","9","31","[""temple_byakuren"",""hell_komachi"",""haku_yuyuko"",""marisa"",""medicine"",""hourai_eirin"",""sage_ran"",""sage_mai_satono"",""sdm_patchouli"",""sdm_flandre"",""heaven_iku"",""hourai_kaguya"",""hell_eiki"",""temple_nue"",""sdm_meiling"",""sdm_sakuya"",""mtn_suwako"",""temple_shou"",""sage_yukari""]","{""marisa"":1,""sage_ran"":1,""haku_yuyuko"":1,""heaven_iku"":1,""temple_nue"":1,""sdm_patchouli"":1,""sdm_sakuya"":1,""sdm_meiling"":1}","{""sdm"":1}","{""temple_byakuren"":10,""hell_komachi"":2,""haku_yuyuko"":4,""marisa"":1,""medicine"":4,""hourai_eirin"":4,""sage_ran"":2,""sage_mai_satono"":3,""sdm_flandre"":2,""heaven_iku"":1,""hourai_kaguya"":6,""hell_eiki"":2,""temple_nue"":1,""sdm_patchouli"":1,""sdm_meiling"":3,""sdm_sakuya"":2,""mtn_suwako"":3,""temple_shou"":2,""sage_yukari"":2}","[""hourai_kaguya"",""temple_byakuren"",""mtn_suwako"",""temple_shou"",""sage_yukari""]"
"comparison","2022209161","4","","","1","baseline","win","1","1","8","30","[""mtn_suwako"",""sage_matara"",""temple_murasa"",""sdm_remilia"",""heaven_tenshi"",""palace_satori"",""palace_utsuho"",""hourai_mokou"",""yuuka"",""sage_mai_satono"",""hell_clownpiece"",""medicine"",""palace_koishi"",""sdm_meiling"",""sdm_sakuya""]","{""temple_murasa"":1,""palace_satori"":1,""sage_matara"":1,""sdm_remilia"":1,""sdm_meiling"":1,""hell_clownpiece"":1,""medicine"":1}","{""sdm"":1,""sunflower"":1}","{""mtn_suwako"":4,""sage_matara"":4,""temple_murasa"":1,""sdm_remilia"":6,""heaven_tenshi"":10,""palace_satori"":2,""palace_utsuho"":9,""hourai_mokou"":1,""yuuka"":2,""sage_mai_satono"":3,""hell_clownpiece"":6,""medicine"":5,""palace_koishi"":4,""sdm_meiling"":1,""sdm_sakuya"":3}","[""heaven_tenshi"",""palace_utsuho"",""palace_koishi"",""sdm_sakuya"",""mtn_suwako""]"
"comparison","2022209161","4","","","2","current","win","1","0","5","30","[""temple_shou"",""hourai_mokou"",""hell_hecatia"",""palace_rin"",""hell_eiki"",""mtn_kanako"",""haku_youmu"",""temple_nue"",""temple_murasa"",""sage_kasen"",""mtn_suwako"",""sdm_flandre"",""yuuka"",""temple_byakuren"",""hourai_reisen"",""sage_yukari"",""hourai_eirin"",""mtn_sanae""]","{""palace_rin"":1,""haku_youmu"":1,""temple_murasa"":1,""sage_kasen"":1,""sdm_flandre"":1,""hell_hecatia"":1,""temple_nue"":1,""yuuka"":2,""sage_yukari"":1}","{""hakugyokurou"":1,""heaven"":1}","{""temple_shou"":6,""hourai_mokou"":1,""hell_hecatia"":7,""palace_rin"":3,""hell_eiki"":9,""mtn_kanako"":9,""haku_youmu"":3,""temple_nue"":6,""temple_murasa"":1,""sage_kasen"":1,""mtn_suwako"":5,""sdm_flandre"":1,""yuuka"":3,""temple_byakuren"":1,""hourai_reisen"":1,""sage_yukari"":1}","[""hourai_eirin"",""mtn_sanae""]"
"comparison","2022209161","4","","","3","current","win","1","0","4","30","[""temple_byakuren"",""hell_komachi"",""haku_yuyuko"",""marisa"",""medicine"",""hourai_eirin"",""sage_ran"",""hourai_kaguya"",""heaven_iku"",""reimu"",""sdm_patchouli"",""sdm_meiling"",""sage_mai_satono"",""mtn_aya"",""temple_ichirin""]","{""marisa"":1,""sage_ran"":1,""haku_yuyuko"":1,""heaven_iku"":1,""sdm_patchouli"":1,""temple_byakuren"":1}","{}","{""temple_byakuren"":5,""hell_komachi"":8,""haku_yuyuko"":3,""marisa"":1,""medicine"":3,""hourai_eirin"":3,""sage_ran"":2,""hourai_kaguya"":3,""heaven_iku"":2,""reimu"":2,""sdm_patchouli"":1,""sage_mai_satono"":3,""mtn_aya"":2}","[""hourai_kaguya""]"
"comparison","2005431542","5","","","1","current","win","3","0","0","11","[""hell_komachi"",""temple_nue"",""hell_eiki"",""hourai_mokou"",""sage_ran"",""yuuka"",""temple_ichirin"",""temple_murasa"",""sage_kasen""]","{""temple_nue"":1,""temple_murasa"":1}","{}","{""hell_komachi"":2,""temple_nue"":1,""hell_eiki"":1,""hourai_mokou"":1,""sage_ran"":1,""yuuka"":1,""temple_ichirin"":2,""temple_murasa"":1}","[""sage_kasen""]"
"comparison","2005431542","5","","","2","baseline","win","3","0","0","11","[""hourai_eirin"",""sdm_patchouli"",""sdm_flandre"",""hourai_reisen"",""mtn_suwako"",""heaven_iku"",""hell_clownpiece""]","{}","{}","{""hourai_eirin"":1,""sdm_patchouli"":1,""sdm_flandre"":1,""hourai_reisen"":1,""mtn_suwako"":1,""heaven_iku"":1,""hell_clownpiece"":1}","[""hourai_eirin"",""hourai_reisen"",""mtn_suwako"",""heaven_iku"",""hell_clownpiece""]"
"comparison","2005431542","5","","","3","baseline","win","3","1","9","11","[""temple_byakuren"",""mtn_kanako"",""sage_yukari"",""sage_matara"",""sdm_sakuya"",""temple_shou"",""palace_koishi"",""sdm_remilia"",""sdm_patchouli"",""sdm_flandre"",""temple_ichirin""]","{""temple_byakuren"":1,""temple_shou"":1,""sdm_remilia"":1,""sdm_sakuya"":1,""sdm_patchouli"":1,""sdm_flandre"":1}","{""temple"":1,""sdm"":1}","{""temple_byakuren"":1,""mtn_kanako"":2,""sage_yukari"":1,""sage_matara"":1,""sdm_sakuya"":4,""temple_shou"":2,""palace_koishi"":6,""sdm_remilia"":2,""sdm_patchouli"":2,""sdm_flandre"":3,""temple_ichirin"":1}","[""palace_koishi""]"
"comparison","2005431542","5","","","1","baseline","win","3","0","0","11","[""hell_komachi"",""temple_nue"",""hell_eiki"",""hourai_mokou"",""sage_ran"",""yuuka"",""temple_ichirin"",""temple_murasa"",""sage_kasen""]","{""temple_nue"":1,""temple_murasa"":1}","{}","{""hell_komachi"":2,""temple_nue"":1,""hell_eiki"":1,""hourai_mokou"":1,""sage_ran"":1,""yuuka"":1,""temple_ichirin"":2,""temple_murasa"":1}","[""sage_kasen""]"
"comparison","2005431542","5","","","2","current","win","3","0","0","11","[""hourai_eirin"",""sdm_patchouli"",""sdm_flandre"",""hourai_reisen"",""mtn_suwako"",""heaven_iku"",""hell_clownpiece""]","{}","{}","{""hourai_eirin"":1,""sdm_patchouli"":1,""sdm_flandre"":1,""hourai_reisen"":1,""mtn_suwako"":1,""heaven_iku"":1,""hell_clownpiece"":1}","[""hourai_eirin"",""hourai_reisen"",""mtn_suwako"",""heaven_iku"",""hell_clownpiece""]"
"comparison","2005431542","5","","","3","baseline","win","3","1","9","11","[""temple_byakuren"",""mtn_kanako"",""sage_yukari"",""sage_matara"",""sdm_sakuya"",""temple_shou"",""palace_koishi"",""sdm_remilia"",""sdm_patchouli"",""sdm_flandre"",""temple_ichirin""]","{""temple_byakuren"":1,""temple_shou"":1,""sdm_remilia"":1,""sdm_sakuya"":1,""sdm_patchouli"":1,""sdm_flandre"":1}","{""temple"":1,""sdm"":1}","{""temple_byakuren"":1,""mtn_kanako"":2,""sage_yukari"":1,""sage_matara"":1,""sdm_sakuya"":4,""temple_shou"":2,""palace_koishi"":6,""sdm_remilia"":2,""sdm_patchouli"":2,""sdm_flandre"":3,""temple_ichirin"":1}","[""palace_koishi""]"
"comparison","2005431542","5","","","1","current","win","3","0","0","11","[""hell_komachi"",""temple_nue"",""hell_eiki"",""hourai_mokou"",""sage_ran"",""yuuka"",""temple_ichirin"",""temple_murasa"",""sage_kasen""]","{""temple_nue"":1,""temple_murasa"":1}","{}","{""hell_komachi"":2,""temple_nue"":1,""hell_eiki"":1,""hourai_mokou"":1,""sage_ran"":1,""yuuka"":1,""temple_ichirin"":2,""temple_murasa"":1}","[""sage_kasen""]"
"comparison","2005431542","5","","","2","current","win","3","0","0","11","[""hourai_eirin"",""sdm_patchouli"",""sdm_flandre"",""hourai_reisen"",""mtn_suwako"",""heaven_iku"",""hell_clownpiece""]","{}","{}","{""hourai_eirin"":1,""sdm_patchouli"":1,""sdm_flandre"":1,""hourai_reisen"":1,""mtn_suwako"":1,""heaven_iku"":1,""hell_clownpiece"":1}","[""hourai_eirin"",""hourai_reisen"",""mtn_suwako"",""heaven_iku"",""hell_clownpiece""]"
"comparison","2005431542","5","","","3","baseline","win","3","1","9","11","[""temple_byakuren"",""mtn_kanako"",""sage_yukari"",""sage_matara"",""sdm_sakuya"",""temple_shou"",""palace_koishi"",""sdm_remilia"",""sdm_patchouli"",""sdm_flandre"",""temple_ichirin""]","{""temple_byakuren"":1,""temple_shou"":1,""sdm_remilia"":1,""sdm_sakuya"":1,""sdm_patchouli"":1,""sdm_flandre"":1}","{""temple"":1,""sdm"":1}","{""temple_byakuren"":1,""mtn_kanako"":2,""sage_yukari"":1,""sage_matara"":1,""sdm_sakuya"":4,""temple_shou"":2,""palace_koishi"":6,""sdm_remilia"":2,""sdm_patchouli"":2,""sdm_flandre"":3,""temple_ichirin"":1}","[""palace_koishi""]"
"comparison","2005431542","5","","","1","baseline","win","3","0","0","11","[""hell_komachi"",""temple_nue"",""hell_eiki"",""hourai_mokou"",""sage_ran"",""yuuka"",""temple_ichirin"",""temple_murasa"",""sage_kasen""]","{""temple_nue"":1,""temple_murasa"":1}","{}","{""hell_komachi"":2,""temple_nue"":1,""hell_eiki"":1,""hourai_mokou"":1,""sage_ran"":1,""yuuka"":1,""temple_ichirin"":2,""temple_murasa"":1}","[""sage_kasen""]"
"comparison","2005431542","5","","","2","baseline","win","3","0","0","11","[""hourai_eirin"",""sdm_patchouli"",""sdm_flandre"",""hourai_reisen"",""mtn_suwako"",""heaven_iku"",""hell_clownpiece""]","{}","{}","{""hourai_eirin"":1,""sdm_patchouli"":1,""sdm_flandre"":1,""hourai_reisen"":1,""mtn_suwako"":1,""heaven_iku"":1,""hell_clownpiece"":1}","[""hourai_eirin"",""hourai_reisen"",""mtn_suwako"",""heaven_iku"",""hell_clownpiece""]"
"comparison","2005431542","5","","","3","current","win","3","1","9","11","[""temple_byakuren"",""mtn_kanako"",""sage_yukari"",""sage_matara"",""sdm_sakuya"",""temple_shou"",""palace_koishi"",""sdm_remilia"",""sdm_patchouli"",""sdm_flandre"",""temple_ichirin""]","{""temple_byakuren"":1,""temple_shou"":1,""sdm_remilia"":1,""sdm_sakuya"":1,""sdm_patchouli"":1,""sdm_flandre"":1}","{""temple"":1,""sdm"":1}","{""temple_byakuren"":1,""mtn_kanako"":6,""sage_yukari"":1,""sage_matara"":1,""sdm_sakuya"":4,""temple_shou"":2,""palace_koishi"":6,""sdm_remilia"":2,""sdm_patchouli"":2,""sdm_flandre"":3,""temple_ichirin"":1}","[""mtn_kanako"",""palace_koishi""]"
"comparison","2005431542","5","","","1","current","win","3","0","0","11","[""hell_komachi"",""temple_nue"",""hell_eiki"",""hourai_mokou"",""sage_ran"",""yuuka"",""temple_ichirin"",""temple_murasa"",""sage_kasen""]","{""temple_nue"":1,""temple_murasa"":1}","{}","{""hell_komachi"":2,""temple_nue"":1,""hell_eiki"":1,""hourai_mokou"":1,""sage_ran"":1,""yuuka"":1,""temple_ichirin"":2,""temple_murasa"":1}","[""sage_kasen""]"
"comparison","2005431542","5","","","2","baseline","win","3","0","0","11","[""hourai_eirin"",""sdm_patchouli"",""sdm_flandre"",""hourai_reisen"",""mtn_suwako"",""heaven_iku"",""hell_clownpiece""]","{}","{}","{""hourai_eirin"":1,""sdm_patchouli"":1,""sdm_flandre"":1,""hourai_reisen"":1,""mtn_suwako"":1,""heaven_iku"":1,""hell_clownpiece"":1}","[""hourai_eirin"",""hourai_reisen"",""mtn_suwako"",""heaven_iku"",""hell_clownpiece""]"
"comparison","2005431542","5","","","3","current","win","3","1","9","11","[""temple_byakuren"",""mtn_kanako"",""sage_yukari"",""sage_matara"",""sdm_sakuya"",""temple_shou"",""palace_koishi"",""sdm_remilia"",""sdm_patchouli"",""sdm_flandre"",""temple_ichirin""]","{""temple_byakuren"":1,""temple_shou"":1,""sdm_remilia"":1,""sdm_sakuya"":1,""sdm_patchouli"":1,""sdm_flandre"":1}","{""temple"":1,""sdm"":1}","{""temple_byakuren"":1,""mtn_kanako"":6,""sage_yukari"":1,""sage_matara"":1,""sdm_sakuya"":4,""temple_shou"":2,""palace_koishi"":6,""sdm_remilia"":2,""sdm_patchouli"":2,""sdm_flandre"":3,""temple_ichirin"":1}","[""mtn_kanako"",""palace_koishi""]"
"comparison","2005431542","5","","","1","baseline","win","3","0","0","11","[""hell_komachi"",""temple_nue"",""hell_eiki"",""hourai_mokou"",""sage_ran"",""yuuka"",""temple_ichirin"",""temple_murasa"",""sage_kasen""]","{""temple_nue"":1,""temple_murasa"":1}","{}","{""hell_komachi"":2,""temple_nue"":1,""hell_eiki"":1,""hourai_mokou"":1,""sage_ran"":1,""yuuka"":1,""temple_ichirin"":2,""temple_murasa"":1}","[""sage_kasen""]"
"comparison","2005431542","5","","","2","current","win","3","0","0","11","[""hourai_eirin"",""sdm_patchouli"",""sdm_flandre"",""hourai_reisen"",""mtn_suwako"",""heaven_iku"",""hell_clownpiece""]","{}","{}","{""hourai_eirin"":1,""sdm_patchouli"":1,""sdm_flandre"":1,""hourai_reisen"":1,""mtn_suwako"":1,""heaven_iku"":1,""hell_clownpiece"":1}","[""hourai_eirin"",""hourai_reisen"",""mtn_suwako"",""heaven_iku"",""hell_clownpiece""]"
"comparison","2005431542","5","","","3","current","win","3","1","9","11","[""temple_byakuren"",""mtn_kanako"",""sage_yukari"",""sage_matara"",""sdm_sakuya"",""temple_shou"",""palace_koishi"",""sdm_remilia"",""sdm_patchouli"",""sdm_flandre"",""temple_ichirin""]","{""temple_byakuren"":1,""temple_shou"":1,""sdm_remilia"":1,""sdm_sakuya"":1,""sdm_patchouli"":1,""sdm_flandre"":1}","{""temple"":1,""sdm"":1}","{""temple_byakuren"":1,""mtn_kanako"":6,""sage_yukari"":1,""sage_matara"":1,""sdm_sakuya"":4,""temple_shou"":2,""palace_koishi"":6,""sdm_remilia"":2,""sdm_patchouli"":2,""sdm_flandre"":3,""temple_ichirin"":1}","[""mtn_kanako"",""palace_koishi""]"
"comparison","2055764399","4","","","1","current","win","1","1","7","22","[""temple_byakuren"",""mtn_sanae"",""hourai_kaguya"",""sdm_flandre"",""hourai_reisen"",""hourai_mokou"",""temple_nue"",""palace_utsuho"",""sage_matara"",""sdm_patchouli"",""palace_satori"",""sage_yukari""]","{""sdm_flandre"":2,""hourai_kaguya"":1,""hourai_reisen"":1,""hourai_mokou"":1,""temple_nue"":1,""sage_matara"":2,""palace_satori"":1,""sage_yukari"":1}","{""hourai"":1}","{""temple_byakuren"":5,""mtn_sanae"":1,""hourai_kaguya"":2,""sdm_flandre"":3,""hourai_reisen"":2,""hourai_mokou"":2,""temple_nue"":1,""palace_utsuho"":5,""sage_matara"":2,""sdm_patchouli"":4,""palace_satori"":2,""sage_yukari"":1}","[""sdm_patchouli"",""palace_utsuho""]"
"comparison","2055764399","4","","","2","baseline","win","1","0","3","22","[""heaven_iku"",""haku_youmu"",""yuuka"",""sdm_patchouli"",""reimu"",""sage_matara"",""palace_koishi"",""temple_murasa"",""haku_yuyuko"",""hourai_eirin"",""mtn_suwako"",""hell_eiki""]","{""sdm_patchouli"":1,""haku_youmu"":1,""heaven_iku"":1,""temple_murasa"":1,""haku_yuyuko"":1,""yuuka"":1}","{""hakugyokurou"":1}","{""heaven_iku"":2,""haku_youmu"":2,""yuuka"":3,""sdm_patchouli"":1,""reimu"":2,""sage_matara"":2,""palace_koishi"":2,""temple_murasa"":1,""haku_yuyuko"":1}","[""hourai_eirin"",""mtn_suwako"",""hell_eiki"",""palace_koishi""]"
"comparison","2055764399","4","","","3","baseline","win","1","0","3","22","[""hell_eiki"",""sage_yukari"",""heaven_tenshi"",""hell_clownpiece"",""mtn_suwako"",""sage_kasen"",""hell_hecatia"",""sage_ran"",""marisa"",""hell_komachi""]","{""sage_kasen"":1,""heaven_tenshi"":1,""hell_eiki"":1,""marisa"":1}","{""heaven"":1}","{""hell_eiki"":6,""sage_yukari"":5,""heaven_tenshi"":2,""hell_clownpiece"":7,""mtn_suwako"":6,""sage_kasen"":1,""hell_hecatia"":5,""sage_ran"":4,""marisa"":3,""hell_komachi"":2}","[""hell_clownpiece"",""hell_hecatia"",""sage_ran"",""hell_komachi""]"
"comparison","2055764399","4","","","1","baseline","win","1","1","7","28","[""temple_byakuren"",""mtn_sanae"",""hourai_kaguya"",""sdm_flandre"",""hourai_reisen"",""hourai_mokou"",""temple_nue"",""sage_matara"",""palace_utsuho"",""sage_mai_satono"",""sage_ran"",""palace_satori"",""mtn_aya"",""sdm_patchouli"",""sdm_sakuya"",""hell_clownpiece"",""mtn_kanako"",""haku_yuyuko""]","{""sdm_flandre"":1,""hourai_kaguya"":1,""hourai_reisen"":1,""hourai_mokou"":1,""temple_nue"":1,""temple_byakuren"":1,""sage_ran"":1,""palace_satori"":1,""sdm_patchouli"":1,""haku_yuyuko"":1}","{""hourai"":1}","{""temple_byakuren"":7,""mtn_sanae"":1,""hourai_kaguya"":2,""sdm_flandre"":1,""hourai_reisen"":2,""hourai_mokou"":2,""temple_nue"":1,""sage_matara"":4,""palace_utsuho"":1,""sage_mai_satono"":8,""sage_ran"":4,""palace_satori"":5,""mtn_aya"":2,""sdm_patchouli"":3,""sdm_sakuya"":2,""hell_clownpiece"":3,""mtn_kanako"":1,""haku_yuyuko"":1}","[""mtn_kanako""]"
"comparison","2055764399","4","","","2","current","win","1","0","5","28","[""heaven_iku"",""haku_youmu"",""yuuka"",""sdm_patchouli"",""reimu"",""sage_matara"",""palace_koishi"",""marisa"",""hell_komachi"",""sage_yukari"",""sdm_remilia"",""temple_byakuren"",""mtn_aya"",""palace_utsuho"",""sdm_sakuya"",""palace_rin""]","{""sage_matara"":1,""heaven_iku"":1,""reimu"":1,""marisa"":1,""sage_yukari"":1,""sdm_remilia"":1}","{""hakurei"":1}","{""heaven_iku"":2,""haku_youmu"":4,""yuuka"":1,""sdm_patchouli"":2,""reimu"":4,""sage_matara"":1,""palace_koishi"":5,""marisa"":2,""hell_komachi"":4,""sage_yukari"":2,""sdm_remilia"":3,""temple_byakuren"":1,""mtn_aya"":1}","[""palace_koishi"",""haku_youmu"",""temple_byakuren"",""mtn_aya"",""palace_utsuho"",""sdm_sakuya"",""palace_rin""]"
"comparison","2055764399","4","","","3","baseline","win","1","0","2","28","[""hell_eiki"",""sage_yukari"",""heaven_tenshi"",""hell_clownpiece"",""mtn_suwako"",""sage_kasen"",""hell_hecatia"",""temple_murasa"",""haku_yuyuko"",""medicine"",""mtn_kanako"",""mtn_nitori"",""sage_matara"",""hourai_eirin""]","{""sage_kasen"":1,""sage_yukari"":1,""heaven_tenshi"":1,""temple_murasa"":1,""hell_eiki"":1}","{""heaven"":1}","{""hell_eiki"":7,""sage_yukari"":2,""heaven_tenshi"":3,""hell_clownpiece"":6,""mtn_suwako"":8,""sage_kasen"":1,""hell_hecatia"":6,""temple_murasa"":1,""haku_yuyuko"":3,""medicine"":2,""mtn_kanako"":2,""mtn_nitori"":2,""sage_matara"":2}","[""mtn_suwako"",""hell_hecatia"",""mtn_nitori"",""sage_matara"",""hell_eiki"",""hourai_eirin""]"
"comparison","2055764399","4","","","1","current","win","1","1","7","20","[""temple_byakuren"",""mtn_sanae"",""hourai_kaguya"",""sdm_flandre"",""hourai_reisen"",""hourai_mokou"",""temple_nue"",""sage_matara"",""palace_utsuho"",""yuuka"",""reimu"",""marisa"",""sdm_patchouli"",""medicine"",""haku_yuyuko""]","{""sdm_flandre"":1,""hourai_kaguya"":1,""hourai_reisen"":1,""hourai_mokou"":1,""temple_nue"":1,""sage_matara"":1,""reimu"":1}","{""hourai"":1,""hakurei"":1}","{""temple_byakuren"":7,""mtn_sanae"":1,""hourai_kaguya"":2,""sdm_flandre"":1,""hourai_reisen"":2,""hourai_mokou"":2,""temple_nue"":1,""sage_matara"":1,""palace_utsuho"":4,""yuuka"":3,""reimu"":3,""marisa"":1,""sdm_patchouli"":1,""medicine"":1}","[""temple_byakuren"",""palace_utsuho"",""yuuka"",""sdm_patchouli"",""medicine"",""haku_yuyuko""]"
"comparison","2055764399","4","","","2","current","win","1","0","2","20","[""heaven_iku"",""haku_youmu"",""yuuka"",""sdm_patchouli"",""reimu"",""sage_matara"",""palace_koishi"",""sage_mai_satono"",""sage_ran"",""palace_satori"",""hourai_eirin"",""marisa"",""mtn_suwako""]","{""sage_matara"":1,""heaven_iku"":1,""sage_mai_satono"":1,""palace_satori"":1,""marisa"":1}","{}","{""heaven_iku"":2,""haku_youmu"":2,""yuuka"":1,""sdm_patchouli"":2,""reimu"":2,""sage_matara"":1,""palace_koishi"":1,""sage_mai_satono"":1,""sage_ran"":3,""palace_satori"":2,""hourai_eirin"":1,""marisa"":1}","[""sage_ran"",""mtn_suwako""]"
"comparison","2055764399","4","","","3","baseline","win","1","0","4","20","[""hell_eiki"",""sage_yukari"",""heaven_tenshi"",""hell_clownpiece"",""mtn_suwako"",""sage_kasen"",""hell_hecatia"",""temple_murasa"",""haku_yuyuko"",""sdm_sakuya"",""palace_rin""]","{""sage_kasen"":1,""sage_yukari"":1,""heaven_tenshi"":1,""temple_murasa"":1,""haku_yuyuko"":1}","{""heaven"":1}","{""hell_eiki"":5,""sage_yukari"":2,""heaven_tenshi"":3,""hell_clownpiece"":6,""mtn_suwako"":5,""sage_kasen"":1,""hell_hecatia"":4,""temple_murasa"":1,""haku_yuyuko"":1,""sdm_sakuya"":1}","[""hell_clownpiece"",""hell_hecatia"",""sdm_sakuya"",""palace_rin""]"
"comparison","2055764399","4","","","1","baseline","win","1","1","7","10","[""temple_byakuren"",""mtn_sanae"",""hourai_kaguya"",""sdm_flandre"",""hourai_reisen"",""hourai_mokou"",""hourai_tewi"",""temple_nue"",""sage_kasen"",""sdm_remilia""]","{""sdm_flandre"":1,""hourai_kaguya"":1,""hourai_tewi"":1,""hourai_reisen"":1,""hourai_mokou"":1,""temple_nue"":1,""sage_kasen"":1}","{""hourai"":1,""sunflower"":1}","{""temple_byakuren"":2,""mtn_sanae"":1,""hourai_kaguya"":2,""sdm_flandre"":1,""hourai_reisen"":2,""hourai_mokou"":2,""temple_nue"":1,""sage_kasen"":1,""sdm_remilia"":1}","[""sdm_remilia""]"
"comparison","2055764399","4","","","2","baseline","win","1","0","0","10","[""heaven_iku"",""haku_youmu"",""yuuka"",""sdm_patchouli"",""reimu"",""sage_matara"",""trap_token"",""hell_komachi"",""hourai_eirin"",""hell_hecatia"",""palace_koishi"",""temple_byakuren"",""palace_utsuho""]","{""sdm_patchouli"":1,""yuuka"":1}","{}","{""heaven_iku"":2,""haku_youmu"":2,""yuuka"":2,""sdm_patchouli"":1,""reimu"":2,""sage_matara"":2,""trap_token"":2,""hell_komachi"":1,""hourai_eirin"":1,""hell_hecatia"":1,""palace_koishi"":1}","[""trap_token_1"",""hell_komachi"",""hell_hecatia"",""palace_koishi"",""temple_byakuren"",""palace_utsuho""]"
"comparison","2055764399","4","","","3","current","win","1","0","1","10","[""hell_eiki"",""sage_yukari"",""heaven_tenshi"",""hell_clownpiece"",""mtn_suwako"",""sage_kasen"",""trap_token"",""mtn_kanako"",""mtn_nitori""]","{""heaven_tenshi"":1,""sage_kasen"":1,""sage_yukari"":1}","{""heaven"":1}","{""hell_eiki"":3,""sage_yukari"":3,""heaven_tenshi"":1,""hell_clownpiece"":3,""mtn_suwako"":3,""sage_kasen"":2,""trap_token"":2,""mtn_kanako"":1}","[""hell_eiki"",""hell_clownpiece"",""mtn_suwako"",""trap_token_2"",""mtn_kanako"",""mtn_nitori""]"
"comparison","2055764399","4","","","1","current","win","1","1","7","10","[""temple_byakuren"",""mtn_sanae"",""hourai_kaguya"",""sdm_flandre"",""hourai_reisen"",""hourai_mokou"",""hourai_tewi"",""temple_nue"",""sage_kasen"",""sdm_remilia""]","{""sdm_flandre"":1,""hourai_kaguya"":1,""hourai_tewi"":1,""hourai_reisen"":1,""hourai_mokou"":1,""temple_nue"":1,""sage_kasen"":1}","{""hourai"":1,""sunflower"":1}","{""temple_byakuren"":2,""mtn_sanae"":1,""hourai_kaguya"":2,""sdm_flandre"":1,""hourai_reisen"":2,""hourai_mokou"":2,""temple_nue"":1,""sage_kasen"":1,""sdm_remilia"":1}","[""sdm_remilia""]"
"comparison","2055764399","4","","","2","baseline","win","1","0","0","10","[""heaven_iku"",""haku_youmu"",""yuuka"",""sdm_patchouli"",""reimu"",""sage_matara"",""trap_token"",""hell_komachi"",""hourai_eirin"",""hell_hecatia"",""palace_koishi"",""temple_byakuren"",""palace_utsuho""]","{""sdm_patchouli"":1,""yuuka"":1}","{}","{""heaven_iku"":2,""haku_youmu"":2,""yuuka"":2,""sdm_patchouli"":1,""reimu"":2,""sage_matara"":2,""trap_token"":2,""hell_komachi"":1,""hourai_eirin"":1,""hell_hecatia"":1,""palace_koishi"":1}","[""trap_token_1"",""hell_komachi"",""hell_hecatia"",""palace_koishi"",""temple_byakuren"",""palace_utsuho""]"
"comparison","2055764399","4","","","3","current","win","1","0","1","10","[""hell_eiki"",""sage_yukari"",""heaven_tenshi"",""hell_clownpiece"",""mtn_suwako"",""sage_kasen"",""trap_token"",""mtn_kanako"",""mtn_nitori""]","{""heaven_tenshi"":1,""sage_kasen"":1,""sage_yukari"":1}","{""heaven"":1}","{""hell_eiki"":3,""sage_yukari"":3,""heaven_tenshi"":1,""hell_clownpiece"":3,""mtn_suwako"":3,""sage_kasen"":2,""trap_token"":2,""mtn_kanako"":1}","[""hell_eiki"",""hell_clownpiece"",""mtn_suwako"",""trap_token_2"",""mtn_kanako"",""mtn_nitori""]"
"comparison","2055764399","4","","","1","baseline","win","1","1","7","16","[""temple_byakuren"",""mtn_sanae"",""hourai_kaguya"",""sdm_flandre"",""hourai_reisen"",""hourai_mokou"",""hourai_tewi"",""temple_nue"",""sage_yukari"",""palace_utsuho"",""sage_ran"",""palace_satori"",""sage_mai_satono"",""haku_yuyuko""]","{""sdm_flandre"":1,""hourai_kaguya"":1,""hourai_tewi"":1,""hourai_reisen"":1,""hourai_mokou"":1,""temple_nue"":1,""sage_ran"":1,""haku_yuyuko"":1}","{""hourai"":1}","{""temple_byakuren"":4,""mtn_sanae"":1,""hourai_kaguya"":2,""sdm_flandre"":1,""hourai_reisen"":2,""hourai_mokou"":2,""temple_nue"":1,""sage_yukari"":3,""palace_utsuho"":1,""sage_ran"":1,""palace_satori"":1,""sage_mai_satono"":1,""haku_yuyuko"":1}","[""temple_byakuren""]"
"comparison","2055764399","4","","","2","current","win","1","0","2","16","[""heaven_iku"",""haku_youmu"",""yuuka"",""sdm_patchouli"",""reimu"",""sage_matara"",""trap_token"",""palace_koishi"",""marisa"",""hell_hecatia""]","{""sage_matara"":1,""heaven_iku"":1,""reimu"":1}","{}","{""heaven_iku"":2,""haku_youmu"":2,""yuuka"":1,""sdm_patchouli"":2,""reimu"":4,""sage_matara"":1,""trap_token"":4,""palace_koishi"":2,""marisa"":1}","[""trap_token_1"",""palace_koishi"",""marisa"",""hell_hecatia""]"
"comparison","2055764399","4","","","3","current","win","1","0","2","16","[""hell_eiki"",""sage_yukari"",""heaven_tenshi"",""hell_clownpiece"",""mtn_suwako"",""sage_kasen"",""sage_matara"",""trap_token"",""hell_hecatia"",""temple_murasa""]","{""sage_yukari"":1,""hell_clownpiece"":1,""hell_hecatia"":1,""hell_eiki"":1,""heaven_tenshi"":1}","{""heaven"":1}","{""hell_eiki"":4,""sage_yukari"":1,""heaven_tenshi"":5,""hell_clownpiece"":2,""mtn_suwako"":5,""sage_kasen"":5,""sage_matara"":4,""trap_token"":4,""hell_hecatia"":1,""temple_murasa"":2}","[""mtn_suwako"",""sage_kasen"",""sage_matara"",""trap_token_2"",""temple_murasa""]"
"comparison","2038986780","5","","","1","current","win","2","0","1","20","[""haku_yuyuko"",""sdm_remilia"",""heaven_iku"",""hell_clownpiece"",""palace_rin"",""sage_matara"",""sdm_sakuya"",""palace_koishi"",""temple_shou"",""palace_utsuho"",""mtn_suwako"",""sage_kasen""]","{""sdm_remilia"":1,""heaven_iku"":1,""temple_shou"":1}","{}","{""haku_yuyuko"":1,""sdm_remilia"":1,""heaven_iku"":2,""hell_clownpiece"":6,""palace_rin"":1,""sage_matara"":2,""sdm_sakuya"":1,""palace_koishi"":3,""temple_shou"":2,""palace_utsuho"":2,""mtn_suwako"":1,""sage_kasen"":1}","[""hell_clownpiece"",""palace_koishi"",""palace_utsuho"",""mtn_suwako"",""sage_kasen""]"
"comparison","2038986780","5","","","2","baseline","win","2","1","7","20","[""heaven_tenshi"",""marisa"",""mtn_sanae"",""medicine"",""mtn_aya"",""yuuka"",""hell_eiki"",""temple_murasa"",""hell_hecatia"",""mtn_kanako"",""sdm_patchouli"",""temple_nue"",""temple_byakuren"",""sage_matara""]","{""medicine"":1,""heaven_tenshi"":1,""mtn_sanae"":1,""marisa"":1,""temple_murasa"":1,""temple_nue"":1,""temple_byakuren"":1}","{""heaven"":1,""temple"":1}","{""heaven_tenshi"":2,""marisa"":4,""mtn_sanae"":3,""medicine"":1,""mtn_aya"":7,""yuuka"":1,""hell_eiki"":5,""temple_murasa"":2,""hell_hecatia"":4,""mtn_kanako"":3,""sdm_patchouli"":2,""temple_nue"":1,""temple_byakuren"":1}","[""hell_eiki"",""hell_hecatia"",""mtn_kanako"",""sdm_patchouli"",""sage_matara""]"
"comparison","2038986780","5","","","3","baseline","win","2","0","2","20","[""palace_satori"",""sdm_sakuya"",""haku_youmu"",""hourai_eirin"",""temple_shou"",""sage_yukari"",""yuuka"",""hourai_kaguya"",""haku_yuyuko"",""palace_rin"",""sdm_flandre"",""sage_ran"",""reimu""]","{""palace_satori"":1,""yuuka"":1,""palace_rin"":1,""haku_yuyuko"":1}","{}","{""palace_satori"":3,""haku_youmu"":5,""hourai_eirin"":2,""temple_shou"":4,""sage_yukari"":2,""yuuka"":1,""hourai_kaguya"":4,""haku_yuyuko"":2,""palace_rin"":1,""sdm_flandre"":3,""sage_ran"":2,""reimu"":1}","[""haku_youmu"",""hourai_kaguya"",""sdm_flandre"",""sage_ran"",""palace_satori"",""reimu"",""sdm_sakuya""]"
"comparison","2038986780","5","","","1","baseline","win","2","0","4","26","[""haku_yuyuko"",""sdm_remilia"",""heaven_iku"",""hell_clownpiece"",""palace_rin"",""sage_matara"",""sdm_sakuya"",""palace_koishi"",""reimu"",""sdm_flandre"",""temple_murasa"",""sage_kasen"",""trap_token""]","{""sdm_remilia"":1,""heaven_iku"":1,""sdm_flandre"":1,""reimu"":1,""sage_kasen"":1}","{""hakurei"":1}","{""haku_yuyuko"":1,""sdm_remilia"":1,""heaven_iku"":2,""hell_clownpiece"":6,""palace_rin"":1,""sage_matara"":6,""sdm_sakuya"":1,""palace_koishi"":5,""reimu"":3,""sdm_flandre"":1,""temple_murasa"":2,""sage_kasen"":1}","[""palace_koishi"",""sage_matara"",""temple_murasa"",""trap_token_1""]"
"comparison","2038986780","5","","","2","current","win","2","1","7","26","[""heaven_tenshi"",""marisa"",""mtn_sanae"",""medicine"",""mtn_aya"",""yuuka"",""hell_eiki"",""temple_murasa"",""hell_hecatia"",""hourai_eirin"",""sdm_patchouli"",""mtn_suwako"",""hourai_kaguya"",""hourai_tewi"",""sage_yukari""]","{""medicine"":1,""heaven_tenshi"":1,""mtn_sanae"":1,""marisa"":1,""sdm_patchouli"":1,""sage_yukari"":1,""hourai_kaguya"":1,""hourai_tewi"":1,""hourai_eirin"":1}","{""heaven"":1,""hourai"":1}","{""heaven_tenshi"":2,""marisa"":4,""mtn_sanae"":3,""medicine"":1,""mtn_aya"":9,""yuuka"":1,""hell_eiki"":5,""temple_murasa"":1,""hell_hecatia"":1,""hourai_eirin"":5,""sdm_patchouli"":2,""mtn_suwako"":4,""hourai_kaguya"":3,""hourai_tewi"":2,""sage_yukari"":1}","[""mtn_aya"",""mtn_suwako"",""sdm_patchouli""]"
"comparison","2038986780","5","","","3","baseline","win","2","0","6","26","[""palace_satori"",""sdm_sakuya"",""haku_youmu"",""hourai_eirin"",""temple_shou"",""sage_yukari"",""yuuka"",""hourai_kaguya"",""haku_yuyuko"",""palace_rin"",""medicine"",""sdm_flandre"",""hell_komachi"",""temple_byakuren"",""sage_ran"",""hourai_mokou"",""sage_kasen"",""sdm_meiling"",""mtn_kanako"",""palace_utsuho"",""hourai_reisen"",""temple_nue"",""trap_token""]","{""palace_satori"":1,""yuuka"":1,""palace_rin"":1,""medicine"":1,""haku_yuyuko"":1,""haku_youmu"":1,""sage_ran"":1,""sage_kasen"":1,""hourai_mokou"":1}","{""sunflower"":1,""hakugyokurou"":1}","{""palace_satori"":1,""haku_youmu"":5,""hourai_eirin"":2,""temple_shou"":5,""sage_yukari"":2,""yuuka"":1,""hourai_kaguya"":3,""haku_yuyuko"":3,""palace_rin"":1,""medicine"":1,""sdm_flandre"":2,""hell_komachi"":3,""temple_byakuren"":4,""sage_ran"":1,""hourai_mokou"":2,""sage_kasen"":1,""sdm_meiling"":1}","[""temple_byakuren"",""sdm_meiling"",""temple_shou"",""sdm_sakuya"",""mtn_kanako"",""palace_utsuho"",""hourai_reisen"",""temple_nue"",""trap_token_2""]"
"comparison","2038986780","5","","","1","current","win","3","0","3","27","[""haku_yuyuko"",""sdm_remilia"",""heaven_iku"",""hell_clownpiece"",""palace_rin"",""sage_matara"",""sdm_sakuya"",""palace_koishi"",""temple_shou"",""palace_utsuho"",""mtn_suwako"",""sage_kasen"",""sdm_meiling"",""hourai_mokou"",""hell_komachi"",""trap_token""]","{""sdm_remilia"":1,""heaven_iku"":1,""sage_kasen"":1}","{""sunflower"":1}","{""haku_yuyuko"":1,""sdm_remilia"":1,""heaven_iku"":2,""hell_clownpiece"":8,""palace_rin"":1,""sage_matara"":2,""sdm_sakuya"":1,""palace_koishi"":5,""temple_shou"":4,""palace_utsuho"":4,""mtn_suwako"":2,""sage_kasen"":1,""sdm_meiling"":1,""hourai_mokou"":1}","[""hell_clownpiece"",""palace_koishi"",""temple_shou"",""palace_utsuho"",""sdm_meiling"",""hell_komachi"",""trap_token_1""]"
"comparison","2038986780","5","","","2","current","win","3","0","3","27","[""heaven_tenshi"",""marisa"",""mtn_sanae"",""medicine"",""mtn_aya"",""yuuka"",""hell_eiki"",""temple_murasa"",""hell_hecatia"",""mtn_kanako"",""sdm_patchouli"",""temple_nue"",""temple_byakuren"",""sage_matara"",""sage_yukari"",""trap_token""]","{""medicine"":1,""heaven_tenshi"":1,""mtn_sanae"":1,""marisa"":1,""temple_murasa"":1,""hell_hecatia"":1,""temple_nue"":1,""sage_matara"":1,""sage_yukari"":1}","{""heaven"":1}","{""heaven_tenshi"":2,""marisa"":4,""mtn_sanae"":3,""medicine"":1,""mtn_aya"":9,""yuuka"":1,""hell_eiki"":7,""temple_murasa"":2,""hell_hecatia"":3,""mtn_kanako"":5,""sdm_patchouli"":4,""temple_nue"":2,""temple_byakuren"":3,""sage_matara"":1,""sage_yukari"":1}","[""mtn_aya"",""hell_eiki"",""mtn_kanako"",""sdm_patchouli"",""temple_byakuren"",""sage_matara"",""trap_token_2""]"
"comparison","2038986780","5","","","3","baseline","win","3","1","9","27","[""palace_satori"",""sdm_sakuya"",""haku_youmu"",""hourai_eirin"",""temple_shou"",""sage_yukari"",""yuuka"",""hourai_kaguya"",""haku_yuyuko"",""palace_rin"",""sdm_flandre"",""sage_ran"",""reimu"",""hourai_tewi"",""hourai_reisen"",""hourai_mokou""]","{""palace_satori"":1,""yuuka"":1,""palace_rin"":1,""haku_yuyuko"":1,""haku_youmu"":1,""sdm_flandre"":1,""sage_ran"":1,""hourai_kaguya"":1,""hourai_tewi"":1,""hourai_reisen"":1,""hourai_mokou"":1,""hourai_eirin"":1}","{""hakugyokurou"":1,""hourai"":1}","{""palace_satori"":5,""haku_youmu"":6,""hourai_eirin"":4,""temple_shou"":4,""sage_yukari"":2,""yuuka"":1,""hourai_kaguya"":7,""haku_yuyuko"":2,""palace_rin"":1,""sdm_flandre"":4,""sage_ran"":4,""reimu"":2,""sdm_sakuya"":3,""hourai_tewi"":1,""hourai_reisen"":1}","[""sdm_sakuya""]"
"comparison","2038986780","5","","","1","baseline","win","2","0","2","30","[""haku_yuyuko"",""sdm_remilia"",""heaven_iku"",""hell_clownpiece"",""palace_rin"",""sage_matara"",""sdm_sakuya"",""heaven_tenshi"",""palace_utsuho"",""hourai_kaguya"",""mtn_suwako"",""hourai_mokou"",""hourai_eirin"",""sdm_patchouli""]","{""sdm_remilia"":1,""heaven_iku"":1,""palace_rin"":1,""hourai_mokou"":1}","{}","{""haku_yuyuko"":1,""sdm_remilia"":1,""heaven_iku"":2,""hell_clownpiece"":7,""palace_rin"":2,""sage_matara"":6,""sdm_sakuya"":1,""heaven_tenshi"":6,""palace_utsuho"":5,""hourai_kaguya"":4,""mtn_suwako"":3,""hourai_mokou"":1,""hourai_eirin"":1,""sdm_patchouli"":1}","[""heaven_tenshi"",""hell_clownpiece"",""palace_utsuho"",""hourai_kaguya"",""mtn_suwako"",""hourai_eirin"",""sdm_patchouli""]"
"comparison","2038986780","5","","","2","baseline","win","2","1","8","30","[""heaven_tenshi"",""marisa"",""mtn_sanae"",""medicine"",""mtn_aya"",""yuuka"",""haku_youmu"",""sage_kasen"",""temple_byakuren"",""mtn_kanako"",""hell_eiki"",""hell_hecatia"",""hell_kutaka"",""sdm_sakuya"",""sdm_flandre"",""sdm_meiling"",""palace_koishi"",""temple_shou"",""hourai_tewi""]","{""medicine"":1,""heaven_tenshi"":1,""mtn_sanae"":1,""sage_kasen"":1,""mtn_aya"":1,""mtn_kanako"":1,""sdm_flandre"":1,""temple_byakuren"":1,""temple_shou"":1}","{""heaven"":1,""hakurei"":1,""temple"":1}","{""heaven_tenshi"":2,""marisa"":2,""mtn_sanae"":3,""medicine"":1,""mtn_aya"":6,""yuuka"":9,""haku_youmu"":4,""sage_kasen"":1,""temple_byakuren"":6,""mtn_kanako"":3,""hell_eiki"":5,""hell_hecatia"":5,""hell_kutaka"":2,""sdm_sakuya"":5,""sdm_flandre"":1,""sdm_meiling"":1,""palace_koishi"":1,""temple_shou"":1,""hourai_tewi"":1}","[""hourai_tewi"",""hell_eiki"",""sdm_flandre"",""sdm_meiling""]"
"comparison","2038986780","5","","","3","current","win","2","0","5","30","[""palace_satori"",""sdm_sakuya"",""haku_youmu"",""hourai_eirin"",""temple_shou"",""sage_yukari"",""medicine"",""marisa"",""hell_komachi"",""reimu"",""temple_nue"",""sage_ran"",""haku_yuyuko"",""hourai_reisen"",""hourai_tewi"",""sage_matara"",""temple_murasa""]","{""sage_yukari"":1,""palace_satori"":2,""marisa"":1,""temple_nue"":1,""sage_ran"":1,""reimu"":1,""haku_yuyuko"":1,""haku_youmu"":1,""temple_murasa"":1}","{""hakugyokurou"":1}","{""palace_satori"":4,""haku_youmu"":3,""hourai_eirin"":7,""temple_shou"":7,""sage_yukari"":1,""medicine"":5,""marisa"":1,""hell_komachi"":7,""reimu"":2,""temple_nue"":1,""sage_ran"":1,""haku_yuyuko"":2,""hourai_reisen"":4,""hourai_tewi"":2,""sage_matara"":1,""temple_murasa"":1}","[""hell_komachi"",""hourai_reisen"",""sage_matara""]"
"comparison","2038986780","5","","","1","current","win","1","1","8","31","[""haku_yuyuko"",""sdm_remilia"",""heaven_iku"",""hell_clownpiece"",""palace_rin"",""sage_matara"",""sdm_sakuya"",""heaven_tenshi"",""temple_byakuren"",""hourai_kaguya"",""hourai_tewi"",""reimu"",""marisa"",""palace_utsuho"",""yuuka"",""hell_komachi"",""hourai_mokou"",""sage_ran""]","{""sdm_remilia"":1,""heaven_iku"":1,""palace_rin"":1,""reimu"":1,""marisa"":1,""hourai_mokou"":1,""haku_yuyuko"":1}","{""hakurei"":1}","{""haku_yuyuko"":2,""sdm_remilia"":1,""heaven_iku"":2,""hell_clownpiece"":2,""palace_rin"":2,""sage_matara"":2,""sdm_sakuya"":1,""heaven_tenshi"":2,""temple_byakuren"":6,""hourai_kaguya"":6,""reimu"":2,""marisa"":2,""palace_utsuho"":4,""hell_komachi"":2,""hourai_mokou"":1,""sage_ran"":2,""hourai_tewi"":1}","[""temple_byakuren"",""hourai_kaguya""]"
"comparison","2038986780","5","","","2","baseline","win","1","0","3","31","[""heaven_tenshi"",""marisa"",""mtn_sanae"",""medicine"",""mtn_aya"",""yuuka"",""haku_youmu"",""sage_kasen"",""temple_murasa"",""mtn_kanako"",""sdm_patchouli"",""hourai_tewi"",""hell_hecatia"",""sage_matara"",""sdm_meiling"",""mtn_suwako""]","{""medicine"":1,""heaven_tenshi"":1,""mtn_sanae"":1,""sage_kasen"":1,""temple_murasa"":1,""sdm_patchouli"":1,""mtn_aya"":1}","{""heaven"":1,""sunflower"":1}","{""heaven_tenshi"":2,""marisa"":3,""mtn_sanae"":3,""medicine"":1,""mtn_aya"":10,""yuuka"":2,""haku_youmu"":3,""sage_kasen"":1,""temple_murasa"":1,""mtn_kanako"":5,""sdm_patchouli"":1,""hourai_tewi"":2,""hell_hecatia"":4,""sage_matara"":3,""sdm_meiling"":2,""mtn_suwako"":1}","[""mtn_kanako"",""hell_hecatia"",""sage_matara"",""sdm_meiling"",""haku_youmu"",""mtn_suwako""]"
"comparison","2038986780","5","","","3","current","win","1","0","1","31","[""palace_satori"",""sdm_sakuya"",""haku_youmu"",""hourai_eirin"",""temple_shou"",""sage_yukari"",""medicine"",""yuuka"",""hell_komachi"",""palace_koishi"",""hourai_mokou"",""hourai_reisen"",""temple_nue"",""hell_clownpiece"",""sdm_flandre"",""hell_eiki"",""hell_kutaka""]","{""sage_yukari"":1,""palace_satori"":1,""medicine"":1,""yuuka"":1,""sdm_flandre"":1,""temple_nue"":1,""hell_clownpiece"":1}","{}","{""palace_satori"":2,""haku_youmu"":2,""hourai_eirin"":5,""temple_shou"":10,""sage_yukari"":1,""medicine"":2,""yuuka"":3,""hell_komachi"":2,""palace_koishi"":6,""hourai_mokou"":4,""hourai_reisen"":3,""temple_nue"":4,""hell_clownpiece"":5,""sdm_flandre"":2,""hell_eiki"":3,""sdm_sakuya"":2,""hell_kutaka"":1}","[""palace_koishi"",""temple_shou"",""hell_eiki"",""sdm_sakuya"",""hell_kutaka"",""hell_komachi""]"
"comparison","2038986780","5","","","1","baseline","win","3","0","2","36","[""haku_yuyuko"",""sdm_remilia"",""heaven_iku"",""hell_clownpiece"",""palace_rin"",""sage_matara"",""sdm_sakuya"",""heaven_tenshi"",""palace_utsuho"",""hourai_kaguya"",""hell_kutaka"",""mtn_suwako"",""temple_shou"",""sdm_patchouli""]","{""sdm_remilia"":1,""heaven_iku"":1,""palace_rin"":1,""sage_matara"":1,""hell_clownpiece"":1}","{}","{""haku_yuyuko"":1,""sdm_remilia"":1,""heaven_iku"":2,""hell_clownpiece"":9,""palace_rin"":2,""sage_matara"":9,""sdm_sakuya"":1,""heaven_tenshi"":3,""palace_utsuho"":7,""hourai_kaguya"":6,""hell_kutaka"":5,""mtn_suwako"":4,""temple_shou"":4,""sdm_patchouli"":1}","[""palace_utsuho"",""hourai_kaguya"",""hell_kutaka"",""temple_shou"",""sdm_patchouli""]"
"comparison","2038986780","5","","","2","current","win","3","0","6","36","[""heaven_tenshi"",""marisa"",""mtn_sanae"",""medicine"",""mtn_aya"",""yuuka"",""haku_youmu"",""sage_kasen"",""temple_byakuren"",""mtn_kanako"",""hell_eiki"",""hell_hecatia"",""sdm_sakuya"",""sdm_flandre"",""sdm_meiling"",""hourai_eirin""]","{""medicine"":1,""heaven_tenshi"":1,""mtn_sanae"":1,""sage_kasen"":1,""hell_hecatia"":1,""hell_eiki"":2,""haku_youmu"":1,""sdm_flandre"":1}","{""heaven"":1,""hakurei"":1,""hakugyokurou"":1}","{""heaven_tenshi"":2,""marisa"":2,""mtn_sanae"":3,""medicine"":1,""mtn_aya"":9,""yuuka"":7,""haku_youmu"":6,""sage_kasen"":1,""temple_byakuren"":8,""mtn_kanako"":4,""hell_eiki"":4,""hell_hecatia"":1,""sdm_sakuya"":6,""sdm_flandre"":1,""sdm_meiling"":3,""hourai_eirin"":2}","[""temple_byakuren"",""sdm_sakuya"",""sdm_meiling"",""hourai_eirin"",""yuuka""]"
"comparison","2038986780","5","","","3","current","win","3","1","9","36","[""palace_satori"",""sdm_sakuya"",""haku_youmu"",""hourai_eirin"",""temple_shou"",""sage_yukari"",""medicine"",""marisa"",""hell_komachi"",""reimu"",""temple_nue"",""sage_ran"",""haku_yuyuko"",""hourai_reisen"",""hourai_tewi"",""temple_murasa"",""hourai_mokou"",""yuuka"",""hell_hecatia"",""palace_koishi"",""mtn_suwako""]","{""sage_yukari"":1,""palace_satori"":2,""marisa"":1,""temple_nue"":1,""sage_ran"":1,""reimu"":1,""haku_yuyuko"":1,""temple_murasa"":1,""hourai_mokou"":1,""hell_hecatia"":1,""hell_komachi"":1}","{""hell"":1}","{""palace_satori"":7,""haku_youmu"":2,""hourai_eirin"":7,""temple_shou"":7,""sage_yukari"":1,""medicine"":5,""marisa"":1,""hell_komachi"":10,""reimu"":2,""temple_nue"":1,""sage_ran"":1,""haku_yuyuko"":2,""hourai_reisen"":7,""hourai_tewi"":6,""temple_murasa"":1,""hourai_mokou"":1,""yuuka"":2,""hell_hecatia"":1,""palace_koishi"":3,""mtn_suwako"":1}","[""hourai_reisen"",""hourai_tewi"",""palace_koishi"",""mtn_suwako""]"
"comparison","2089319637","4","","","1","current","win","2","0","2","23","[""marisa"",""mtn_kanako"",""palace_koishi"",""hourai_mokou"",""heaven_iku"",""sdm_sakuya"",""yuuka"",""hell_hecatia"",""mtn_nitori"",""sdm_flandre"",""palace_utsuho"",""palace_rin""]","{""heaven_iku"":1,""mtn_nitori"":1}","{}","{""marisa"":4,""mtn_kanako"":7,""palace_koishi"":7,""hourai_mokou"":4,""heaven_iku"":4,""sdm_sakuya"":5,""yuuka"":3,""palace_utsuho"":1}","[""mtn_kanako"",""palace_koishi"",""palace_utsuho"",""palace_rin""]"
"comparison","2089319637","4","","","2","baseline","win","2","1","7","23","[""hourai_kaguya"",""hourai_eirin"",""sdm_flandre"",""mtn_sanae"",""temple_byakuren"",""mtn_aya"",""medicine"",""sdm_patchouli"",""temple_ichirin"",""sage_matara"",""hell_clownpiece"",""hell_komachi"",""hourai_mokou"",""heaven_tenshi"",""sage_kasen"",""haku_yuyuko"",""marisa"",""haku_youmu""]","{""sdm_flandre"":1,""mtn_sanae"":2,""temple_byakuren"":1,""temple_ichirin"":1,""hourai_mokou"":1,""heaven_tenshi"":1}","{""temple"":1,""heaven"":1}","{""hourai_kaguya"":4,""hourai_eirin"":3,""sdm_flandre"":1,""mtn_sanae"":3,""temple_byakuren"":3,""mtn_aya"":3,""medicine"":1,""sdm_patchouli"":1,""temple_ichirin"":1,""sage_matara"":1,""hell_clownpiece"":4,""hell_komachi"":3,""hourai_mokou"":1,""heaven_tenshi"":1,""sage_kasen"":1,""haku_yuyuko"":1,""marisa"":1,""haku_youmu"":1}","[""hell_clownpiece"",""hell_komachi"",""sage_kasen"",""haku_yuyuko"",""marisa"",""haku_youmu""]"
"comparison","2089319637","4","","","3","baseline","win","2","0","1","23","[""hell_eiki"",""sage_ran"",""temple_nue"",""reimu"",""palace_satori"",""temple_shou"",""temple_murasa"",""hourai_reisen"",""sdm_remilia"",""yuuka"",""hell_hecatia"",""sdm_flandre"",""sdm_patchouli"",""mtn_suwako""]","{""temple_murasa"":1,""temple_nue"":1,""sage_ran"":1,""palace_satori"":1,""sdm_remilia"":1,""sdm_flandre"":1}","{}","{""hell_eiki"":6,""sage_ran"":3,""temple_nue"":2,""reimu"":6,""palace_satori"":4,""temple_shou"":6,""temple_murasa"":1,""hourai_reisen"":4,""sdm_remilia"":2,""yuuka"":3,""hell_hecatia"":2,""sdm_flandre"":1,""sdm_patchouli"":1}","[""hell_eiki"",""reimu"",""temple_shou"",""hourai_reisen"",""hell_hecatia"",""yuuka"",""mtn_suwako""]"
"comparison","2089319637","4","","","1","baseline","win","2","0","2","17","[""marisa"",""mtn_kanako"",""palace_koishi"",""hourai_mokou"",""heaven_iku"",""sdm_sakuya"",""yuuka"",""palace_utsuho"",""sage_yukari""]","{""heaven_iku"":1}","{}","{""marisa"":4,""mtn_kanako"":5,""palace_koishi"":5,""hourai_mokou"":4,""heaven_iku"":4,""sdm_sakuya"":4,""yuuka"":3,""palace_utsuho"":1}","[""mtn_kanako"",""palace_koishi"",""palace_utsuho"",""sage_yukari""]"
"comparison","2089319637","4","","","2","current","win","2","1","8","17","[""hourai_kaguya"",""hourai_eirin"",""sdm_flandre"",""mtn_sanae"",""temple_byakuren"",""mtn_aya"",""medicine"",""sdm_patchouli"",""temple_ichirin"",""sage_matara"",""hell_hecatia"",""sage_kasen"",""hell_komachi""]","{""sdm_flandre"":1,""mtn_sanae"":1,""temple_byakuren"":1,""temple_ichirin"":1,""sage_matara"":1,""sage_kasen"":1}","{""temple"":1,""heaven"":1}","{""hourai_kaguya"":5,""hourai_eirin"":3,""sdm_flandre"":1,""mtn_sanae"":2,""temple_byakuren"":3,""mtn_aya"":3,""medicine"":1,""sdm_patchouli"":1,""temple_ichirin"":1,""sage_matara"":2,""hell_hecatia"":2,""sage_kasen"":1,""hell_komachi"":1}","[""hell_hecatia"",""hell_komachi""]"
"comparison","2089319637","4","","","3","baseline","win","2","0","0","17","[""hell_eiki"",""sage_ran"",""temple_nue"",""reimu"",""palace_satori"",""temple_shou"",""temple_murasa"",""hourai_reisen"",""sdm_patchouli"",""sdm_remilia"",""sdm_sakuya""]","{""temple_murasa"":1,""temple_nue"":1,""sage_ran"":1,""sdm_remilia"":1}","{}","{""hell_eiki"":4,""sage_ran"":3,""temple_nue"":2,""reimu"":4,""palace_satori"":4,""temple_shou"":4,""temple_murasa"":1,""hourai_reisen"":2,""sdm_patchouli"":1,""sdm_remilia"":1}","[""hell_eiki"",""reimu"",""palace_satori"",""temple_shou"",""hourai_reisen"",""sdm_patchouli"",""sdm_sakuya""]"
"comparison","2089319637","4","","","1","current","win","2","0","2","17","[""marisa"",""mtn_kanako"",""palace_koishi"",""hourai_mokou"",""heaven_iku"",""sdm_sakuya"",""yuuka"",""palace_utsuho"",""sage_yukari""]","{""heaven_iku"":1}","{}","{""marisa"":4,""mtn_kanako"":5,""palace_koishi"":5,""hourai_mokou"":4,""heaven_iku"":4,""sdm_sakuya"":4,""yuuka"":3,""palace_utsuho"":1}","[""mtn_kanako"",""palace_koishi"",""palace_utsuho"",""sage_yukari""]"
"comparison","2089319637","4","","","2","current","win","2","1","8","17","[""hourai_kaguya"",""hourai_eirin"",""sdm_flandre"",""mtn_sanae"",""temple_byakuren"",""mtn_aya"",""medicine"",""sdm_patchouli"",""temple_ichirin"",""sage_matara"",""hell_hecatia"",""sage_kasen"",""hell_komachi""]","{""sdm_flandre"":1,""mtn_sanae"":1,""temple_byakuren"":1,""temple_ichirin"":1,""sage_matara"":1,""sage_kasen"":1}","{""temple"":1,""heaven"":1}","{""hourai_kaguya"":5,""hourai_eirin"":3,""sdm_flandre"":1,""mtn_sanae"":2,""temple_byakuren"":3,""mtn_aya"":3,""medicine"":1,""sdm_patchouli"":1,""temple_ichirin"":1,""sage_matara"":2,""hell_hecatia"":2,""sage_kasen"":1,""hell_komachi"":1}","[""hell_hecatia"",""hell_komachi""]"
"comparison","2089319637","4","","","3","baseline","win","2","0","0","17","[""hell_eiki"",""sage_ran"",""temple_nue"",""reimu"",""palace_satori"",""temple_shou"",""temple_murasa"",""hourai_reisen"",""sdm_patchouli"",""sdm_remilia"",""sdm_sakuya""]","{""temple_murasa"":1,""temple_nue"":1,""sage_ran"":1,""sdm_remilia"":1}","{}","{""hell_eiki"":4,""sage_ran"":3,""temple_nue"":2,""reimu"":4,""palace_satori"":4,""temple_shou"":4,""temple_murasa"":1,""hourai_reisen"":2,""sdm_patchouli"":1,""sdm_remilia"":1}","[""hell_eiki"",""reimu"",""palace_satori"",""temple_shou"",""hourai_reisen"",""sdm_patchouli"",""sdm_sakuya""]"
"comparison","2089319637","4","","","1","baseline","win","2","0","2","23","[""marisa"",""mtn_kanako"",""palace_koishi"",""hourai_mokou"",""heaven_iku"",""sdm_sakuya"",""yuuka"",""hell_hecatia"",""mtn_nitori"",""sdm_patchouli"",""sage_kasen""]","{""heaven_iku"":1,""sdm_patchouli"":1}","{}","{""marisa"":4,""mtn_kanako"":7,""palace_koishi"":7,""hourai_mokou"":5,""heaven_iku"":4,""sdm_sakuya"":5,""yuuka"":3,""mtn_nitori"":2,""sdm_patchouli"":1}","[""mtn_kanako"",""palace_koishi"",""mtn_nitori"",""sdm_sakuya"",""sage_kasen""]"
"comparison","2089319637","4","","","2","baseline","win","2","1","8","23","[""hourai_kaguya"",""hourai_eirin"",""sdm_flandre"",""mtn_sanae"",""temple_byakuren"",""mtn_aya"",""medicine"",""sdm_patchouli"",""temple_ichirin"",""sage_matara"",""hell_clownpiece"",""hell_komachi"",""palace_utsuho"",""haku_yuyuko""]","{""sdm_flandre"":2,""mtn_sanae"":2,""temple_byakuren"":1,""temple_ichirin"":1,""haku_yuyuko"":1}","{""temple"":1}","{""hourai_kaguya"":4,""hourai_eirin"":3,""sdm_flandre"":2,""mtn_sanae"":3,""temple_byakuren"":3,""mtn_aya"":3,""medicine"":1,""sdm_patchouli"":1,""temple_ichirin"":1,""sage_matara"":1,""hell_clownpiece"":4,""hell_komachi"":1,""palace_utsuho"":1,""haku_yuyuko"":1}","[]"
"comparison","2089319637","4","","","3","current","win","2","0","2","23","[""hell_eiki"",""sage_ran"",""temple_nue"",""reimu"",""palace_satori"",""temple_shou"",""temple_murasa"",""hourai_reisen"",""sdm_remilia"",""yuuka"",""hell_hecatia"",""heaven_tenshi"",""marisa""]","{""temple_murasa"":1,""temple_nue"":1,""sage_ran"":1,""palace_satori"":1,""hell_hecatia"":1,""heaven_tenshi"":1}","{""heaven"":1}","{""hell_eiki"":6,""sage_ran"":3,""temple_nue"":2,""reimu"":6,""palace_satori"":4,""temple_shou"":6,""temple_murasa"":1,""hourai_reisen"":4,""sdm_remilia"":3,""yuuka"":3,""hell_hecatia"":1,""heaven_tenshi"":1}","[""hell_eiki"",""reimu"",""temple_shou"",""hourai_reisen"",""sdm_remilia"",""yuuka"",""marisa""]"
"comparison","2089319637","4","","","1","current","win","2","0","3","28","[""marisa"",""mtn_kanako"",""palace_koishi"",""hourai_mokou"",""heaven_iku"",""sdm_sakuya"",""yuuka"",""hell_hecatia"",""mtn_nitori"",""sdm_flandre"",""haku_youmu"",""mtn_suwako"",""hourai_kaguya""]","{""heaven_iku"":1,""mtn_nitori"":1,""sdm_flandre"":1}","{}","{""marisa"":4,""mtn_kanako"":8,""palace_koishi"":6,""hourai_mokou"":4,""heaven_iku"":4,""sdm_sakuya"":5,""yuuka"":3,""sdm_flandre"":1,""haku_youmu"":1,""mtn_suwako"":1}","[""mtn_kanako"",""haku_youmu"",""mtn_suwako"",""hourai_kaguya""]"
"comparison","2089319637","4","","","2","baseline","win","2","1","8","28","[""hourai_kaguya"",""hourai_eirin"",""sdm_flandre"",""mtn_sanae"",""temple_byakuren"",""mtn_aya"",""medicine"",""sdm_patchouli"",""temple_ichirin"",""sage_matara"",""hell_clownpiece"",""hell_komachi"",""marisa"",""reimu"",""palace_utsuho"",""palace_satori""]","{""sdm_flandre"":1,""mtn_sanae"":2,""temple_byakuren"":1,""temple_ichirin"":1,""sdm_patchouli"":1,""marisa"":1,""reimu"":1}","{""temple"":1,""hakurei"":1}","{""hourai_kaguya"":4,""hourai_eirin"":3,""sdm_flandre"":1,""mtn_sanae"":3,""temple_byakuren"":3,""mtn_aya"":4,""medicine"":1,""sdm_patchouli"":2,""temple_ichirin"":1,""sage_matara"":1,""hell_clownpiece"":4,""hell_komachi"":4,""marisa"":1,""reimu"":1,""palace_utsuho"":1}","[""hell_komachi"",""palace_utsuho"",""mtn_aya"",""palace_satori""]"
"comparison","2089319637","4","","","3","current","win","2","0","4","28","[""hell_eiki"",""sage_ran"",""temple_nue"",""reimu"",""palace_satori"",""temple_shou"",""temple_murasa"",""hourai_reisen"",""sdm_remilia"",""yuuka"",""hell_hecatia"",""sdm_sakuya"",""palace_utsuho"",""sage_kasen"",""hourai_kaguya"",""sage_matara""]","{""temple_murasa"":1,""temple_nue"":1,""sage_ran"":1,""palace_satori"":1,""hell_hecatia"":1,""sdm_sakuya"":1,""sdm_remilia"":1,""yuuka"":1}","{""sdm"":1}","{""hell_eiki"":8,""sage_ran"":3,""temple_nue"":2,""reimu"":6,""palace_satori"":4,""temple_shou"":8,""temple_murasa"":1,""hourai_reisen"":7,""sdm_remilia"":4,""yuuka"":5,""hell_hecatia"":1}","[""hourai_reisen"",""sage_kasen"",""sage_matara""]"
"comparison","2089319637","4","","","1","baseline","win","2","0","2","17","[""marisa"",""mtn_kanako"",""palace_koishi"",""hourai_mokou"",""heaven_iku"",""sdm_sakuya"",""yuuka"",""palace_utsuho"",""sage_yukari""]","{""heaven_iku"":1}","{}","{""marisa"":4,""mtn_kanako"":5,""palace_koishi"":5,""hourai_mokou"":4,""heaven_iku"":4,""sdm_sakuya"":4,""yuuka"":3,""palace_utsuho"":1}","[""mtn_kanako"",""palace_koishi"",""palace_utsuho"",""sage_yukari""]"
"comparison","2089319637","4","","","2","current","win","2","1","8","17","[""hourai_kaguya"",""hourai_eirin"",""sdm_flandre"",""mtn_sanae"",""temple_byakuren"",""mtn_aya"",""medicine"",""sdm_patchouli"",""temple_ichirin"",""sage_matara"",""hell_hecatia"",""sage_kasen"",""hell_komachi""]","{""sdm_flandre"":1,""mtn_sanae"":1,""temple_byakuren"":1,""temple_ichirin"":1,""sage_matara"":1,""sage_kasen"":1}","{""temple"":1,""heaven"":1}","{""hourai_kaguya"":5,""hourai_eirin"":3,""sdm_flandre"":1,""mtn_sanae"":2,""temple_byakuren"":3,""mtn_aya"":3,""medicine"":1,""sdm_patchouli"":1,""temple_ichirin"":1,""sage_matara"":2,""hell_hecatia"":2,""sage_kasen"":1,""hell_komachi"":1}","[""hell_hecatia"",""hell_komachi""]"
"comparison","2089319637","4","","","3","current","win","2","0","0","17","[""hell_eiki"",""sage_ran"",""temple_nue"",""reimu"",""palace_satori"",""temple_shou"",""temple_murasa"",""hourai_reisen"",""sdm_patchouli"",""sdm_remilia"",""sdm_sakuya""]","{""temple_murasa"":1,""temple_nue"":1,""sage_ran"":1,""sdm_remilia"":1}","{}","{""hell_eiki"":4,""sage_ran"":3,""temple_nue"":2,""reimu"":4,""palace_satori"":4,""temple_shou"":4,""temple_murasa"":1,""hourai_reisen"":2,""sdm_patchouli"":1,""sdm_remilia"":1}","[""hell_eiki"",""reimu"",""palace_satori"",""temple_shou"",""hourai_reisen"",""sdm_patchouli"",""sdm_sakuya""]"
"comparison","2072542018","5","","","1","current","win","1","1","7","16","[""hourai_eirin"",""palace_utsuho"",""hourai_mokou"",""temple_nue"",""yuuka"",""sdm_remilia"",""sdm_flandre"",""palace_satori"",""palace_rin"",""palace_koishi"",""haku_youmu"",""sage_kasen"",""hell_eiki"",""temple_shou"",""temple_murasa""]","{""temple_nue"":1,""sdm_remilia"":1,""sdm_flandre"":1,""yuuka"":1,""palace_rin"":1,""palace_satori"":1,""palace_koishi"":1,""sage_kasen"":1}","{""palace"":1,""hakurei"":1}","{""hourai_eirin"":5,""palace_utsuho"":3,""hourai_mokou"":2,""temple_nue"":1,""yuuka"":3,""sdm_remilia"":1,""sdm_flandre"":1,""palace_satori"":2,""palace_rin"":1,""palace_koishi"":2,""haku_youmu"":3,""sage_kasen"":2,""hell_eiki"":2,""temple_shou"":1,""temple_murasa"":1}","[""haku_youmu"",""hell_eiki"",""temple_shou"",""temple_murasa""]"
"comparison","2072542018","5","","","2","baseline","win","1","0","3","16","[""hell_clownpiece"",""hell_komachi"",""sage_yukari"",""haku_yuyuko"",""hell_hecatia"",""mtn_kanako"",""hell_kutaka"",""mtn_nitori"",""heaven_tenshi"",""temple_shou"",""palace_yuugi"",""sdm_patchouli""]","{""hell_clownpiece"":1,""haku_yuyuko"":1,""palace_yuugi"":1}","{}","{""hell_clownpiece"":1,""hell_komachi"":3,""sage_yukari"":1,""haku_yuyuko"":2,""hell_hecatia"":2,""mtn_kanako"":5,""hell_kutaka"":1,""mtn_nitori"":2,""heaven_tenshi"":2}","[""sdm_patchouli""]"
"comparison","2072542018","5","","","3","baseline","win","1","0","4","16","[""sage_kasen"",""temple_murasa"",""mtn_suwako"",""marisa"",""sdm_flandre"",""heaven_iku"",""mtn_sanae"",""sage_ran"",""hell_kutaka""]","{""heaven_iku"":1,""sage_kasen"":1,""marisa"":1,""mtn_sanae"":1}","{""hakugyokurou"":1}","{""sage_kasen"":2,""temple_murasa"":1,""mtn_suwako"":1,""marisa"":2,""heaven_iku"":1,""mtn_sanae"":1,""sage_ran"":1}","[""sage_ran"",""hell_kutaka""]"
"comparison","2072542018","5","","","1","baseline","win","2","0","5","17","[""hourai_eirin"",""palace_utsuho"",""hourai_mokou"",""temple_nue"",""yuuka"",""sdm_remilia"",""sdm_flandre"",""mtn_aya"",""sdm_sakuya"",""palace_koishi"",""palace_rin"",""sage_kasen"",""hourai_reisen"",""haku_youmu""]","{""temple_nue"":1,""sdm_remilia"":1,""sdm_flandre"":1,""yuuka"":1,""palace_rin"":1,""palace_utsuho"":1,""palace_koishi"":1}","{""palace"":1}","{""hourai_eirin"":3,""palace_utsuho"":5,""hourai_mokou"":2,""temple_nue"":1,""yuuka"":3,""sdm_remilia"":1,""sdm_flandre"":1,""mtn_aya"":3,""sdm_sakuya"":3,""palace_koishi"":2,""palace_rin"":1,""sage_kasen"":1,""hourai_reisen"":2}","[""mtn_aya"",""sdm_sakuya"",""hourai_reisen"",""haku_youmu""]"
"comparison","2072542018","5","","","2","current","win","2","1","7","17","[""hell_clownpiece"",""hell_komachi"",""sage_yukari"",""haku_yuyuko"",""hell_hecatia"",""mtn_kanako"",""hell_kutaka"",""reimu"",""palace_satori"",""sage_kasen"",""marisa""]","{""sage_yukari"":1,""hell_hecatia"":1,""hell_clownpiece"":1,""hell_komachi"":1,""hell_kutaka"":1,""palace_satori"":1,""marisa"":1}","{""hell"":1}","{""hell_clownpiece"":3,""hell_komachi"":4,""sage_yukari"":1,""haku_yuyuko"":5,""hell_hecatia"":2,""mtn_kanako"":6,""hell_kutaka"":3,""reimu"":3,""palace_satori"":1,""marisa"":1}","[""mtn_kanako"",""reimu""]"
"comparison","2072542018","5","","","3","baseline","win","2","0","3","17","[""sage_kasen"",""temple_murasa"",""mtn_suwako"",""marisa"",""sdm_flandre"",""heaven_iku"",""hell_eiki"",""palace_yuugi"",""sdm_patchouli"",""medicine""]","{""heaven_iku"":1,""sage_kasen"":1,""sdm_patchouli"":1}","{""heaven"":1}","{""sage_kasen"":2,""temple_murasa"":1,""mtn_suwako"":1,""marisa"":1,""heaven_iku"":1,""hell_eiki"":1,""palace_yuugi"":1,""sdm_patchouli"":1}","[""palace_yuugi"",""sage_kasen"",""medicine""]"
"comparison","2072542018","5","","","1","current","win","2","0","5","17","[""hourai_eirin"",""palace_utsuho"",""hourai_mokou"",""temple_nue"",""yuuka"",""sdm_remilia"",""sdm_flandre"",""mtn_aya"",""sdm_sakuya"",""palace_koishi"",""palace_rin"",""sage_kasen"",""hourai_reisen"",""haku_youmu""]","{""temple_nue"":1,""sdm_remilia"":1,""sdm_flandre"":1,""yuuka"":1,""palace_rin"":1,""palace_utsuho"":1,""palace_koishi"":1}","{""palace"":1}","{""hourai_eirin"":3,""palace_utsuho"":5,""hourai_mokou"":2,""temple_nue"":1,""yuuka"":3,""sdm_remilia"":1,""sdm_flandre"":1,""mtn_aya"":3,""sdm_sakuya"":3,""palace_koishi"":2,""palace_rin"":1,""sage_kasen"":1,""hourai_reisen"":2}","[""mtn_aya"",""sdm_sakuya"",""hourai_reisen"",""haku_youmu""]"
"comparison","2072542018","5","","","2","current","win","2","1","7","17","[""hell_clownpiece"",""hell_komachi"",""sage_yukari"",""haku_yuyuko"",""hell_hecatia"",""mtn_kanako"",""hell_kutaka"",""reimu"",""palace_satori"",""sage_kasen"",""marisa""]","{""sage_yukari"":1,""hell_hecatia"":1,""hell_clownpiece"":1,""hell_komachi"":1,""hell_kutaka"":1,""palace_satori"":1,""marisa"":1}","{""hell"":1}","{""hell_clownpiece"":3,""hell_komachi"":4,""sage_yukari"":1,""haku_yuyuko"":5,""hell_hecatia"":2,""mtn_kanako"":6,""hell_kutaka"":3,""reimu"":3,""palace_satori"":1,""marisa"":1}","[""mtn_kanako"",""reimu""]"
"comparison","2072542018","5","","","3","baseline","win","2","0","3","17","[""sage_kasen"",""temple_murasa"",""mtn_suwako"",""marisa"",""sdm_flandre"",""heaven_iku"",""hell_eiki"",""palace_yuugi"",""sdm_patchouli"",""medicine""]","{""heaven_iku"":1,""sage_kasen"":1,""sdm_patchouli"":1}","{""heaven"":1}","{""sage_kasen"":2,""temple_murasa"":1,""mtn_suwako"":1,""marisa"":1,""heaven_iku"":1,""hell_eiki"":1,""palace_yuugi"":1,""sdm_patchouli"":1}","[""palace_yuugi"",""sage_kasen"",""medicine""]"
"comparison","2072542018","5","","","1","baseline","win","2","0","1","11","[""hourai_eirin"",""palace_utsuho"",""hourai_mokou"",""temple_nue"",""yuuka"",""sdm_remilia"",""sdm_flandre"",""hourai_reisen"",""hell_eiki""]","{""temple_nue"":1,""sdm_remilia"":1,""sdm_flandre"":1}","{}","{""hourai_eirin"":4,""palace_utsuho"":4,""hourai_mokou"":4,""temple_nue"":1,""yuuka"":4,""sdm_remilia"":1,""sdm_flandre"":3,""hourai_reisen"":2,""hell_eiki"":1}","[""hourai_eirin"",""palace_utsuho"",""hourai_mokou"",""hourai_reisen"",""hell_eiki""]"
"comparison","2072542018","5","","","2","baseline","win","2","1","8","11","[""hell_clownpiece"",""hell_komachi"",""sage_yukari"",""haku_yuyuko"",""hell_hecatia"",""mtn_kanako"",""hell_kutaka"",""sdm_patchouli"",""palace_rin""]","{""hell_clownpiece"":1,""haku_yuyuko"":1,""hell_hecatia"":1,""hell_komachi"":1,""hell_kutaka"":1}","{""hell"":1}","{""hell_clownpiece"":1,""hell_komachi"":4,""sage_yukari"":1,""haku_yuyuko"":2,""hell_hecatia"":3,""mtn_kanako"":2,""hell_kutaka"":3,""sdm_patchouli"":1,""palace_rin"":2}","[""palace_rin""]"
"comparison","2072542018","5","","","3","current","win","2","0","3","11","[""sage_kasen"",""temple_murasa"",""mtn_suwako"",""marisa"",""sdm_flandre"",""heaven_iku"",""medicine"",""mtn_aya""]","{""temple_murasa"":1,""sage_kasen"":1,""marisa"":1}","{""hakugyokurou"":1}","{""sage_kasen"":2,""temple_murasa"":1,""mtn_suwako"":3,""marisa"":3,""heaven_iku"":3,""medicine"":2,""mtn_aya"":1}","[""mtn_suwako"",""heaven_iku"",""medicine"",""mtn_aya""]"
"comparison","2072542018","5","","","1","current","win","2","0","1","11","[""hourai_eirin"",""palace_utsuho"",""hourai_mokou"",""temple_nue"",""yuuka"",""sdm_remilia"",""sdm_flandre"",""hourai_reisen"",""hell_eiki""]","{""temple_nue"":1,""sdm_remilia"":1,""sdm_flandre"":1}","{}","{""hourai_eirin"":4,""palace_utsuho"":4,""hourai_mokou"":4,""temple_nue"":1,""yuuka"":4,""sdm_remilia"":1,""sdm_flandre"":3,""hourai_reisen"":2,""hell_eiki"":1}","[""hourai_eirin"",""palace_utsuho"",""hourai_mokou"",""hourai_reisen"",""hell_eiki""]"
"comparison","2072542018","5","","","2","baseline","win","2","1","8","11","[""hell_clownpiece"",""hell_komachi"",""sage_yukari"",""haku_yuyuko"",""hell_hecatia"",""mtn_kanako"",""hell_kutaka"",""sdm_patchouli"",""palace_rin""]","{""hell_clownpiece"":1,""haku_yuyuko"":1,""hell_hecatia"":1,""hell_komachi"":1,""hell_kutaka"":1}","{""hell"":1}","{""hell_clownpiece"":1,""hell_komachi"":4,""sage_yukari"":1,""haku_yuyuko"":2,""hell_hecatia"":3,""mtn_kanako"":2,""hell_kutaka"":3,""sdm_patchouli"":1,""palace_rin"":2}","[""palace_rin""]"
"comparison","2072542018","5","","","3","current","win","2","0","3","11","[""sage_kasen"",""temple_murasa"",""mtn_suwako"",""marisa"",""sdm_flandre"",""heaven_iku"",""medicine"",""mtn_aya""]","{""temple_murasa"":1,""sage_kasen"":1,""marisa"":1}","{""hakugyokurou"":1}","{""sage_kasen"":2,""temple_murasa"":1,""mtn_suwako"":3,""marisa"":3,""heaven_iku"":3,""medicine"":2,""mtn_aya"":1}","[""mtn_suwako"",""heaven_iku"",""medicine"",""mtn_aya""]"
"comparison","2072542018","5","","","1","baseline","win","3","0","6","33","[""hourai_eirin"",""palace_utsuho"",""hourai_mokou"",""temple_nue"",""yuuka"",""sdm_remilia"",""sdm_flandre"",""sdm_patchouli"",""hell_kutaka"",""palace_rin"",""sage_kasen"",""mtn_suwako"",""medicine"",""hell_komachi"",""haku_yuyuko"",""palace_satori"",""sdm_sakuya"",""palace_koishi"",""palace_yuugi"",""hell_hecatia"",""hell_clownpiece"",""mtn_nitori""]","{""temple_nue"":1,""sdm_remilia"":1,""sdm_flandre"":1,""sdm_patchouli"":1,""palace_rin"":1,""sage_kasen"":1,""medicine"":1,""yuuka"":1,""palace_yuugi"":1,""palace_satori"":1}","{""hakurei"":1,""sunflower"":1}","{""hourai_eirin"":9,""palace_utsuho"":8,""hourai_mokou"":2,""temple_nue"":1,""yuuka"":8,""sdm_remilia"":1,""sdm_flandre"":1,""sdm_patchouli"":1,""hell_kutaka"":6,""palace_rin"":1,""sage_kasen"":1,""mtn_suwako"":3,""medicine"":1,""hell_komachi"":4,""haku_yuyuko"":1,""palace_satori"":2,""sdm_sakuya"":1,""palace_koishi"":2,""hell_hecatia"":1}","[""palace_koishi"",""hell_komachi"",""hell_clownpiece"",""mtn_nitori""]"
"comparison","2072542018","5","","","2","current","win","3","0","0","33","[""hell_clownpiece"",""hell_komachi"",""sage_yukari"",""haku_yuyuko"",""hell_hecatia"",""mtn_kanako"",""hell_kutaka"",""hourai_reisen"",""temple_byakuren"",""hell_eiki"",""sage_ran"",""mtn_nitori"",""mtn_sanae"",""haku_youmu"",""hourai_kaguya"",""mtn_suwako"",""mtn_aya""]","{""sage_yukari"":2,""hell_hecatia"":1,""temple_byakuren"":1,""mtn_sanae"":1,""hourai_kaguya"":1,""hourai_reisen"":1}","{}","{""hell_clownpiece"":6,""hell_komachi"":5,""sage_yukari"":1,""haku_yuyuko"":5,""hell_hecatia"":4,""mtn_kanako"":10,""hell_kutaka"":1,""hourai_reisen"":5,""temple_byakuren"":2,""hell_eiki"":1,""sage_ran"":1,""mtn_sanae"":1,""haku_youmu"":3,""hourai_kaguya"":1,""mtn_suwako"":1}","[""mtn_kanako"",""haku_youmu"",""mtn_suwako"",""mtn_aya""]"
"comparison","2072542018","5","","","3","current","win","3","1","8","33","[""sage_kasen"",""temple_murasa"",""mtn_suwako"",""marisa"",""sdm_flandre"",""heaven_iku"",""medicine"",""temple_shou"",""mtn_aya"",""hourai_kaguya"",""heaven_tenshi"",""sage_matara"",""hell_komachi"",""sage_yukari"",""palace_utsuho"",""reimu"",""hourai_eirin""]","{""temple_murasa"":1,""marisa"":1,""sage_kasen"":1,""heaven_iku"":2,""sage_matara"":2,""sage_yukari"":1}","{""sdm"":1}","{""sage_kasen"":3,""temple_murasa"":1,""mtn_suwako"":4,""marisa"":2,""heaven_iku"":6,""medicine"":3,""temple_shou"":3,""mtn_aya"":3,""hourai_kaguya"":3,""heaven_tenshi"":2,""sage_matara"":2,""hell_komachi"":1,""palace_utsuho"":3,""reimu"":1,""hourai_eirin"":1}","[]"
"comparison","2122874875","4","","","1","current","win","1","1","9","30","[""palace_utsuho"",""mtn_suwako"",""temple_murasa"",""heaven_tenshi"",""sage_ran"",""hourai_eirin"",""sdm_patchouli"",""sage_kasen"",""sage_mai_satono"",""reimu"",""hell_hecatia"",""sage_matara"",""yuuka"",""mtn_aya"",""hourai_mokou"",""hourai_kaguya"",""hourai_tewi"",""sdm_remilia"",""sdm_sakuya"",""mtn_sanae"",""sdm_meiling""]","{""temple_murasa"":1,""sage_kasen"":1,""palace_utsuho"":1,""sage_matara"":1,""yuuka"":1,""hourai_mokou"":1,""sdm_patchouli"":1,""sdm_sakuya"":1,""sdm_remilia"":1,""sdm_meiling"":1}","{""hakugyokurou"":1,""palace"":1,""sdm"":1}","{""palace_utsuho"":3,""mtn_suwako"":8,""temple_murasa"":1,""heaven_tenshi"":6,""sage_ran"":12,""hourai_eirin"":7,""sdm_patchouli"":9,""sage_kasen"":1,""sage_mai_satono"":4,""reimu"":4,""hell_hecatia"":3,""sage_matara"":1,""yuuka"":1,""mtn_aya"":1,""hourai_mokou"":1,""hourai_kaguya"":5,""hourai_tewi"":4,""sdm_remilia"":3,""sdm_sakuya"":2,""mtn_sanae"":4,""sdm_meiling"":3}","[""hourai_kaguya"",""hourai_tewi"",""mtn_sanae"",""sage_ran"",""sage_mai_satono""]"
"comparison","2122874875","4","","","2","baseline","win","1","0","5","30","[""hell_eiki"",""hell_komachi"",""sdm_flandre"",""yuuka"",""mtn_sanae"",""mtn_kanako"",""heaven_iku"",""haku_yuyuko"",""temple_nue"",""heaven_tenshi"",""hell_clownpiece"",""hourai_reisen""]","{""sdm_flandre"":1,""heaven_iku"":1,""temple_nue"":1,""heaven_tenshi"":1}","{""heaven"":1}","{""hell_eiki"":4,""hell_komachi"":3,""sdm_flandre"":3,""yuuka"":4,""mtn_sanae"":4,""mtn_kanako"":6,""heaven_iku"":3,""haku_yuyuko"":3,""temple_nue"":1,""hell_clownpiece"":1}","[""haku_yuyuko"",""hell_clownpiece"",""hourai_reisen""]"
"comparison","2122874875","4","","","3","baseline","win","1","0","2","30","[""haku_yuyuko"",""hourai_kaguya"",""temple_byakuren"",""sdm_sakuya"",""temple_shou"",""haku_youmu"",""sage_yukari"",""hell_hecatia"",""temple_murasa"",""palace_satori"",""sage_mai_satono"",""palace_rin"",""sage_kasen"",""palace_koishi"",""reimu""]","{""haku_youmu"":1,""sage_yukari"":1,""temple_murasa"":1,""temple_byakuren"":1,""palace_satori"":1,""palace_rin"":1,""sage_kasen"":1}","{""sunflower"":1}","{""haku_yuyuko"":4,""hourai_kaguya"":4,""temple_byakuren"":4,""sdm_sakuya"":6,""temple_shou"":4,""haku_youmu"":1,""sage_yukari"":2,""hell_hecatia"":3,""temple_murasa"":1,""palace_satori"":1,""sage_mai_satono"":3,""palace_rin"":1,""sage_kasen"":2,""palace_koishi"":1,""reimu"":1}","[""palace_koishi"",""reimu""]"
"comparison","2122874875","4","","","1","baseline","win","2","0","3","26","[""palace_utsuho"",""mtn_suwako"",""temple_murasa"",""heaven_tenshi"",""sage_ran"",""hourai_eirin"",""sdm_patchouli"",""sage_kasen"",""sage_mai_satono"",""reimu"",""hourai_mokou"",""hourai_tewi"",""hell_hecatia"",""mtn_kanako"",""hell_eiki"",""sdm_sakuya""]","{""temple_murasa"":1,""sage_kasen"":1,""heaven_tenshi"":1,""hourai_mokou"":1,""hourai_tewi"":1}","{""hakugyokurou"":1,""heaven"":1}","{""palace_utsuho"":3,""mtn_suwako"":7,""temple_murasa"":1,""heaven_tenshi"":6,""sage_ran"":6,""hourai_eirin"":8,""sdm_patchouli"":5,""sage_kasen"":1,""sage_mai_satono"":2,""reimu"":5,""hourai_mokou"":2,""hourai_tewi"":1,""hell_hecatia"":1,""mtn_kanako"":1,""hell_eiki"":1,""sdm_sakuya"":1}","[""reimu"",""hell_hecatia"",""mtn_kanako"",""hell_eiki"",""sdm_sakuya""]"
"comparison","2122874875","4","","","2","current","win","2","1","7","26","[""hell_eiki"",""hell_komachi"",""sdm_flandre"",""yuuka"",""mtn_sanae"",""mtn_kanako"",""heaven_iku"",""mtn_aya"",""sdm_remilia"",""hourai_reisen"",""sage_matara"",""palace_rin"",""sage_kasen"",""palace_satori"",""hourai_kaguya"",""hell_clownpiece"",""trap_token"",""hourai_eirin""]","{""sdm_flandre"":1,""heaven_iku"":1,""yuuka"":1,""palace_rin"":1,""sage_matara"":1,""hourai_kaguya"":1,""hourai_reisen"":1,""hourai_eirin"":1}","{""hourai"":1}","{""hell_eiki"":4,""hell_komachi"":3,""sdm_flandre"":3,""yuuka"":5,""mtn_sanae"":4,""mtn_kanako"":5,""heaven_iku"":3,""mtn_aya"":3,""sdm_remilia"":3,""hourai_reisen"":3,""sage_matara"":2,""palace_rin"":1,""sage_kasen"":2,""palace_satori"":1,""hourai_kaguya"":1,""hell_clownpiece"":1,""trap_token"":1}","[""mtn_aya"",""sdm_remilia"",""sage_kasen"",""palace_satori"",""hell_clownpiece"",""trap_token_1""]"
"comparison","2122874875","4","","","3","baseline","win","2","0","6","26","[""haku_yuyuko"",""hourai_kaguya"",""temple_byakuren"",""sdm_sakuya"",""temple_shou"",""haku_youmu"",""sage_yukari"",""hell_hecatia"",""temple_murasa"",""temple_nue"",""hourai_mokou"",""sage_mai_satono"",""medicine"",""trap_token""]","{""haku_youmu"":1,""sage_yukari"":1,""temple_murasa"":1,""temple_byakuren"":1,""temple_nue"":1,""temple_shou"":1,""medicine"":1}","{""temple"":1,""sunflower"":1}","{""haku_yuyuko"":5,""hourai_kaguya"":5,""temple_byakuren"":5,""sdm_sakuya"":5,""temple_shou"":7,""haku_youmu"":1,""sage_yukari"":2,""hell_hecatia"":4,""temple_murasa"":1,""temple_nue"":2,""hourai_mokou"":2,""sage_mai_satono"":4,""medicine"":1}","[""sage_mai_satono"",""haku_yuyuko"",""trap_token_2""]"
"comparison","2122874875","4","","","1","current","win","2","0","3","26","[""palace_utsuho"",""mtn_suwako"",""temple_murasa"",""heaven_tenshi"",""sage_ran"",""hourai_eirin"",""sdm_patchouli"",""sage_kasen"",""sage_mai_satono"",""reimu"",""hourai_mokou"",""hourai_tewi"",""hell_hecatia"",""mtn_kanako"",""hell_eiki"",""sdm_sakuya"",""trap_token""]","{""temple_murasa"":1,""sage_kasen"":1,""heaven_tenshi"":1,""hourai_mokou"":1,""hell_hecatia"":1}","{""hakugyokurou"":1,""heaven"":1}","{""palace_utsuho"":3,""mtn_suwako"":7,""temple_murasa"":1,""heaven_tenshi"":6,""sage_ran"":6,""hourai_eirin"":8,""sdm_patchouli"":5,""sage_kasen"":1,""sage_mai_satono"":2,""reimu"":5,""hourai_mokou"":2,""hourai_tewi"":1,""hell_hecatia"":1,""mtn_kanako"":1,""hell_eiki"":1,""sdm_sakuya"":1}","[""reimu"",""mtn_kanako"",""hell_eiki"",""sdm_sakuya"",""trap_token_1""]"
"comparison","2122874875","4","","","2","current","win","2","1","7","26","[""hell_eiki"",""hell_komachi"",""sdm_flandre"",""yuuka"",""mtn_sanae"",""mtn_kanako"",""heaven_iku"",""mtn_aya"",""sdm_remilia"",""hourai_reisen"",""sage_matara"",""palace_rin"",""sage_kasen"",""palace_satori"",""hourai_kaguya"",""hell_clownpiece"",""hourai_tewi"",""hourai_eirin""]","{""sdm_flandre"":1,""heaven_iku"":1,""yuuka"":1,""palace_rin"":1,""sage_matara"":1,""hourai_kaguya"":1,""hourai_reisen"":1,""hourai_tewi"":1,""hourai_eirin"":1}","{""hourai"":1}","{""hell_eiki"":4,""hell_komachi"":3,""sdm_flandre"":3,""yuuka"":5,""mtn_sanae"":4,""mtn_kanako"":5,""heaven_iku"":3,""mtn_aya"":3,""sdm_remilia"":3,""hourai_reisen"":3,""sage_matara"":2,""palace_rin"":1,""sage_kasen"":2,""palace_satori"":1,""hourai_kaguya"":1,""hell_clownpiece"":1}","[""mtn_aya"",""sdm_remilia"",""sage_kasen"",""palace_satori"",""hell_clownpiece""]"
"comparison","2122874875","4","","","3","baseline","win","2","0","6","26","[""haku_yuyuko"",""hourai_kaguya"",""temple_byakuren"",""sdm_sakuya"",""temple_shou"",""haku_youmu"",""sage_yukari"",""hell_hecatia"",""temple_murasa"",""temple_nue"",""hourai_mokou"",""sage_mai_satono"",""medicine"",""trap_token""]","{""haku_youmu"":1,""sage_yukari"":1,""temple_murasa"":1,""temple_byakuren"":1,""temple_nue"":1,""temple_shou"":1,""medicine"":1}","{""temple"":1,""sunflower"":1}","{""haku_yuyuko"":5,""hourai_kaguya"":5,""temple_byakuren"":5,""sdm_sakuya"":5,""temple_shou"":7,""haku_youmu"":1,""sage_yukari"":2,""hell_hecatia"":4,""temple_murasa"":1,""temple_nue"":2,""hourai_mokou"":2,""sage_mai_satono"":4,""medicine"":1}","[""sage_mai_satono"",""haku_yuyuko"",""trap_token_2""]"
"comparison","2122874875","4","","","1","baseline","win","2","0","6","42","[""palace_utsuho"",""mtn_suwako"",""temple_murasa"",""heaven_tenshi"",""sage_ran"",""hourai_eirin"",""sdm_patchouli"",""sage_yukari"",""hell_hecatia"",""reimu"",""sage_mai_satono"",""temple_nue"",""sdm_remilia"",""hell_eiki"",""marisa"",""sage_matara"",""hourai_tewi""]","{""temple_murasa"":1,""sage_ran"":1,""sdm_patchouli"":1,""heaven_tenshi"":1,""temple_nue"":1,""palace_utsuho"":1,""sdm_remilia"":1,""reimu"":1,""sage_yukari"":1,""hourai_tewi"":1}","{""heaven"":1,""hourai"":1}","{""palace_utsuho"":7,""mtn_suwako"":13,""temple_murasa"":1,""heaven_tenshi"":4,""sage_ran"":2,""hourai_eirin"":2,""sdm_patchouli"":2,""sage_yukari"":9,""hell_hecatia"":6,""reimu"":8,""sage_mai_satono"":10,""temple_nue"":1,""sdm_remilia"":2,""hell_eiki"":1,""marisa"":4,""sage_matara"":3}","[""mtn_suwako"",""sage_mai_satono"",""sage_matara""]"
"comparison","2122874875","4","","","2","baseline","win","2","1","9","42","[""hell_eiki"",""hell_komachi"",""sdm_flandre"",""yuuka"",""mtn_sanae"",""mtn_kanako"",""heaven_iku"",""palace_rin"",""sage_kasen"",""hourai_mokou"",""hourai_reisen"",""medicine"",""palace_satori"",""hell_hecatia"",""hourai_kaguya"",""sdm_meiling"",""palace_koishi"",""hell_clownpiece"",""trap_token""]","{""heaven_iku"":1,""sdm_flandre"":1,""palace_rin"":1,""yuuka"":1,""medicine"":1,""hourai_mokou"":1,""hourai_reisen"":1,""palace_koishi"":1,""hell_clownpiece"":1,""sdm_meiling"":1}","{""sunflower"":1,""sdm"":1}","{""hell_eiki"":6,""hell_komachi"":9,""sdm_flandre"":4,""yuuka"":4,""mtn_sanae"":3,""mtn_kanako"":4,""heaven_iku"":2,""palace_rin"":1,""sage_kasen"":5,""hourai_mokou"":2,""hourai_reisen"":3,""medicine"":1,""palace_satori"":6,""hell_hecatia"":5,""hourai_kaguya"":4,""sdm_meiling"":4,""palace_koishi"":2,""hell_clownpiece"":3,""trap_token"":1}","[""palace_satori"",""hell_hecatia"",""hourai_kaguya"",""sage_kasen"",""trap_token_1""]"
"comparison","2122874875","4","","","3","current","win","2","0","5","42","[""haku_yuyuko"",""hourai_kaguya"",""temple_byakuren"",""sdm_sakuya"",""temple_shou"",""haku_youmu"",""sage_yukari"",""sdm_meiling"",""sage_mai_satono"",""sage_kasen"",""sdm_remilia"",""hourai_mokou"",""mtn_aya"",""mtn_sanae"",""sage_matara"",""hell_eiki"",""hourai_eirin"",""trap_token""]","{""haku_youmu"":1,""sage_yukari"":1,""haku_yuyuko"":1,""temple_byakuren"":1,""sdm_sakuya"":1,""temple_shou"":1,""sage_kasen"":1,""mtn_sanae"":1,""sage_matara"":1,""mtn_aya"":1,""hourai_eirin"":1}","{""hakugyokurou"":1,""temple"":1}","{""haku_yuyuko"":3,""hourai_kaguya"":2,""temple_byakuren"":4,""sdm_sakuya"":5,""temple_shou"":6,""haku_youmu"":1,""sage_yukari"":1,""sdm_meiling"":6,""sage_kasen"":5,""sdm_remilia"":3,""hourai_mokou"":3,""mtn_aya"":4,""mtn_sanae"":1,""sage_matara"":1,""hell_eiki"":3}","[""trap_token_2""]"
"comparison","2122874875","4","","","1","current","win","2","0","3","17","[""palace_utsuho"",""mtn_suwako"",""temple_murasa"",""heaven_tenshi"",""sage_ran"",""hourai_eirin"",""sdm_patchouli"",""sage_yukari"",""haku_youmu"",""sage_kasen"",""trap_token"",""hourai_mokou"",""marisa""]","{""temple_murasa"":1,""sage_yukari"":1,""heaven_tenshi"":1,""haku_youmu"":1,""sage_kasen"":1,""marisa"":1}","{""hakugyokurou"":1}","{""palace_utsuho"":5,""mtn_suwako"":5,""temple_murasa"":1,""heaven_tenshi"":3,""sage_ran"":5,""hourai_eirin"":2,""sdm_patchouli"":4,""haku_youmu"":2,""sage_kasen"":2,""trap_token"":3,""hourai_mokou"":1,""marisa"":1}","[""palace_utsuho"",""mtn_suwako"",""sage_ran"",""sdm_patchouli"",""trap_token_1"",""hourai_mokou"",""trap_token_3""]"
"comparison","2122874875","4","","","2","baseline","win","2","1","7","17","[""hell_eiki"",""hell_komachi"",""sdm_flandre"",""yuuka"",""mtn_sanae"",""mtn_kanako"",""heaven_iku"",""trap_token"",""medicine"",""reimu"",""temple_byakuren""]","{""heaven_iku"":1,""sdm_flandre"":1,""reimu"":1}","{""heaven"":1,""hakurei"":1}","{""hell_eiki"":3,""hell_komachi"":3,""sdm_flandre"":4,""yuuka"":3,""mtn_sanae"":5,""mtn_kanako"":4,""heaven_iku"":2,""trap_token"":3,""medicine"":1,""reimu"":1}","[""mtn_sanae"",""trap_token_2"",""medicine"",""trap_token_4"",""temple_byakuren""]"
"comparison","2122874875","4","","","3","current","win","2","0","0","17","[""haku_yuyuko"",""hourai_kaguya"",""temple_byakuren"",""sdm_sakuya"",""temple_shou"",""haku_youmu"",""sage_yukari"",""sdm_meiling"",""hourai_eirin"",""hell_hecatia"",""hourai_tewi"",""temple_nue""]","{""haku_youmu"":1,""sage_yukari"":1,""hourai_tewi"":1,""temple_byakuren"":1,""temple_nue"":1}","{}","{""haku_yuyuko"":2,""hourai_kaguya"":7,""temple_byakuren"":4,""sdm_sakuya"":6,""temple_shou"":4,""haku_youmu"":1,""sage_yukari"":1,""sdm_meiling"":3,""hourai_eirin"":2,""hell_hecatia"":1,""temple_nue"":1}","[""hourai_kaguya"",""sdm_sakuya""]"
"comparison","2122874875","4","","","1","baseline","win","1","1","8","30","[""palace_utsuho"",""mtn_suwako"",""temple_murasa"",""heaven_tenshi"",""sage_ran"",""hourai_eirin"",""sdm_patchouli"",""sage_yukari"",""hell_hecatia"",""reimu"",""sage_mai_satono"",""temple_byakuren"",""haku_yuyuko"",""marisa"",""temple_nue"",""hourai_reisen"",""palace_koishi"",""hourai_kaguya"",""yuuka""]","{""temple_murasa"":1,""sage_ran"":1,""sdm_patchouli"":1,""heaven_tenshi"":1,""temple_byakuren"":1,""marisa"":1,""temple_nue"":1,""hourai_kaguya"":1,""hourai_reisen"":1,""hourai_eirin"":1,""haku_yuyuko"":1}","{""heaven"":1,""hourai"":1}","{""palace_utsuho"":8,""mtn_suwako"":5,""temple_murasa"":1,""heaven_tenshi"":4,""sage_ran"":2,""hourai_eirin"":2,""sdm_patchouli"":2,""sage_yukari"":3,""hell_hecatia"":6,""reimu"":3,""sage_mai_satono"":3,""temple_byakuren"":1,""haku_yuyuko"":7,""marisa"":1,""temple_nue"":1,""hourai_reisen"":3,""palace_koishi"":3,""hourai_kaguya"":1,""yuuka"":2}","[""palace_koishi"",""palace_utsuho""]"
"comparison","2122874875","4","","","2","current","win","1","0","3","30","[""hell_eiki"",""hell_komachi"",""sdm_flandre"",""yuuka"",""mtn_sanae"",""mtn_kanako"",""heaven_iku"",""hell_clownpiece"",""mtn_suwako"",""sdm_remilia"",""temple_shou"",""hourai_mokou"",""sage_matara""]","{""heaven_iku"":1,""sdm_flandre"":1,""hourai_mokou"":1,""mtn_suwako"":1}","{}","{""hell_eiki"":7,""hell_komachi"":8,""sdm_flandre"":4,""yuuka"":3,""mtn_sanae"":4,""mtn_kanako"":4,""heaven_iku"":2,""hell_clownpiece"":4,""mtn_suwako"":4,""sdm_remilia"":3,""temple_shou"":2,""hourai_mokou"":1,""sage_matara"":1}","[""hell_komachi"",""hell_clownpiece"",""hell_eiki"",""sdm_remilia"",""temple_shou"",""mtn_sanae"",""sage_matara""]"
"comparison","2122874875","4","","","3","current","win","1","0","6","30","[""haku_yuyuko"",""hourai_kaguya"",""temple_byakuren"",""sdm_sakuya"",""temple_shou"",""haku_youmu"",""sage_yukari"",""sdm_meiling"",""sage_mai_satono"",""sage_kasen"",""palace_satori"",""medicine"",""reimu"",""palace_rin"",""mtn_aya"",""sage_ran"",""hourai_eirin"",""sdm_flandre""]","{""haku_youmu"":1,""sage_yukari"":3,""sdm_sakuya"":1,""sage_kasen"":1,""sdm_meiling"":1,""reimu"":1,""palace_rin"":1}","{""sdm"":1,""hakurei"":1}","{""haku_yuyuko"":5,""hourai_kaguya"":2,""temple_byakuren"":8,""sdm_sakuya"":3,""temple_shou"":5,""haku_youmu"":1,""sage_yukari"":2,""sdm_meiling"":4,""sage_kasen"":2,""palace_satori"":4,""medicine"":4,""reimu"":1,""palace_rin"":2,""mtn_aya"":3,""sage_ran"":2}","[""palace_satori"",""temple_byakuren"",""mtn_aya"",""sage_ran"",""sdm_flandre""]"
"comparison","2106097256","5","","","1","current","win","1","1","8","32","[""marisa"",""hourai_kaguya"",""haku_youmu"",""heaven_tenshi"",""hell_hecatia"",""heaven_iku"",""temple_nue"",""hourai_reisen"",""sage_yukari"",""palace_satori"",""hell_eiki"",""mtn_sanae"",""hourai_mokou"",""sage_ran"",""sdm_sakuya"",""reimu"",""temple_shou"",""temple_byakuren"",""sdm_patchouli"",""mtn_nitori"",""sdm_meiling""]","{""heaven_tenshi"":1,""heaven_iku"":1,""marisa"":1,""haku_youmu"":1,""temple_nue"":1,""sage_yukari"":1,""palace_satori"":1,""mtn_sanae"":1,""hourai_mokou"":1,""hell_hecatia"":1,""sdm_patchouli"":1,""sdm_sakuya"":1,""sdm_meiling"":1}","{""heaven"":1,""hakugyokurou"":1,""sdm"":1}","{""marisa"":3,""hourai_kaguya"":10,""haku_youmu"":4,""heaven_tenshi"":1,""hell_hecatia"":7,""heaven_iku"":2,""temple_nue"":3,""hourai_reisen"":4,""sage_yukari"":1,""palace_satori"":1,""hell_eiki"":6,""mtn_sanae"":1,""hourai_mokou"":1,""sage_ran"":4,""sdm_sakuya"":3,""reimu"":2,""temple_shou"":4,""temple_byakuren"":3,""mtn_nitori"":1,""sdm_meiling"":1}","[""hell_eiki"",""sage_ran"",""temple_shou"",""hourai_kaguya"",""temple_byakuren""]"
"comparison","2106097256","5","","","2","baseline","win","1","0","4","32","[""palace_koishi"",""temple_murasa"",""sdm_remilia"",""yuuka"",""hourai_eirin"",""temple_shou"",""haku_yuyuko"",""sdm_patchouli"",""palace_satori"",""palace_yuugi"",""palace_utsuho"",""hell_clownpiece"",""sdm_flandre"",""mtn_kanako""]","{""temple_murasa"":1,""sdm_remilia"":1,""haku_yuyuko"":1,""palace_satori"":1,""palace_yuugi"":1,""sdm_flandre"":1,""palace_utsuho"":1}","{}","{""palace_koishi"":7,""temple_murasa"":1,""sdm_remilia"":2,""yuuka"":3,""hourai_eirin"":5,""temple_shou"":4,""haku_yuyuko"":2,""sdm_patchouli"":2,""palace_satori"":2,""palace_yuugi"":1,""palace_utsuho"":3,""hell_clownpiece"":1,""sdm_flandre"":1,""mtn_kanako"":1}","[""hourai_eirin"",""mtn_kanako""]"
"comparison","2106097256","5","","","3","baseline","win","1","0","6","32","[""palace_rin"",""medicine"",""sdm_patchouli"",""palace_utsuho"",""temple_byakuren"",""hell_eiki"",""reimu"",""hell_komachi"",""heaven_tenshi"",""sage_matara"",""yuuka"",""mtn_suwako"",""hell_clownpiece"",""hourai_reisen"",""mtn_nitori"",""mtn_aya"",""sage_kasen""]","{""palace_rin"":1,""sage_matara"":1,""medicine"":1,""yuuka"":1,""hell_clownpiece"":1,""hell_komachi"":1,""sage_kasen"":1}","{""sunflower"":1,""palace"":1}","{""palace_rin"":3,""medicine"":6,""sdm_patchouli"":1,""palace_utsuho"":3,""temple_byakuren"":7,""hell_eiki"":5,""reimu"":6,""hell_komachi"":8,""heaven_tenshi"":5,""sage_matara"":1,""yuuka"":2,""mtn_suwako"":3,""hell_clownpiece"":2,""hourai_reisen"":3,""mtn_nitori"":1,""mtn_aya"":2,""sage_kasen"":2}","[""mtn_suwako"",""hourai_reisen"",""mtn_aya""]"
"comparison","2106097256","5","","","1","baseline","win","2","0","6","34","[""marisa"",""hourai_kaguya"",""haku_youmu"",""heaven_tenshi"",""hell_hecatia"",""heaven_iku"",""reimu"",""mtn_nitori"",""yuuka"",""hourai_mokou"",""hourai_eirin"",""sdm_flandre"",""mtn_aya"",""sage_matara""]","{""heaven_iku"":1,""heaven_tenshi"":1,""hourai_mokou"":1,""sdm_flandre"":1,""marisa"":1}","{""heaven"":1}","{""marisa"":8,""hourai_kaguya"":10,""haku_youmu"":6,""heaven_tenshi"":7,""hell_hecatia"":6,""heaven_iku"":6,""reimu"":7,""mtn_nitori"":4,""yuuka"":3,""hourai_mokou"":1,""hourai_eirin"":2,""sdm_flandre"":1,""mtn_aya"":1,""sage_matara"":2}","[""hourai_kaguya"",""mtn_nitori"",""hourai_eirin"",""sage_matara"",""reimu""]"
"comparison","2106097256","5","","","2","current","win","2","1","7","34","[""palace_koishi"",""temple_murasa"",""sdm_remilia"",""yuuka"",""hourai_eirin"",""temple_shou"",""temple_nue"",""sdm_patchouli"",""sdm_meiling"",""hourai_mokou"",""sdm_sakuya"",""mtn_nitori"",""haku_youmu"",""sage_kasen"",""hell_clownpiece"",""hourai_reisen"",""hell_eiki"",""haku_yuyuko"",""palace_utsuho"",""mtn_sanae""]","{""temple_murasa"":1,""temple_nue"":1,""sdm_remilia"":1,""sdm_sakuya"":1,""sdm_patchouli"":1,""sdm_meiling"":1,""haku_youmu"":1,""sage_kasen"":1,""temple_shou"":1,""haku_yuyuko"":1}","{""sdm"":1,""hakugyokurou"":1}","{""palace_koishi"":8,""temple_murasa"":1,""sdm_remilia"":3,""yuuka"":8,""hourai_eirin"":4,""temple_shou"":10,""temple_nue"":2,""sdm_patchouli"":4,""sdm_meiling"":4,""hourai_mokou"":4,""sdm_sakuya"":1,""mtn_nitori"":1,""haku_youmu"":2,""sage_kasen"":1,""hell_clownpiece"":2,""hourai_reisen"":1,""hell_eiki"":2,""haku_yuyuko"":1,""palace_utsuho"":1,""mtn_sanae"":1}","[""palace_utsuho"",""mtn_sanae""]"
"comparison","2106097256","5","","","3","baseline","win","2","0","0","34","[""palace_rin"",""medicine"",""sdm_patchouli"",""palace_utsuho"",""temple_byakuren"",""hell_eiki"",""haku_yuyuko"",""palace_yuugi"",""temple_murasa"",""mtn_sanae"",""mtn_kanako"",""sage_ran"",""mtn_nitori"",""sage_yukari"",""palace_koishi"",""hell_komachi"",""hourai_reisen"",""mtn_suwako"",""hourai_mokou"",""sage_kasen""]","{""palace_yuugi"":1,""palace_rin"":2,""temple_murasa"":1,""mtn_sanae"":1,""temple_byakuren"":1}","{}","{""palace_rin"":3,""medicine"":1,""sdm_patchouli"":2,""palace_utsuho"":8,""temple_byakuren"":8,""hell_eiki"":1,""haku_yuyuko"":1,""temple_murasa"":1,""mtn_sanae"":1,""mtn_kanako"":8,""sage_ran"":1,""sage_yukari"":3,""palace_koishi"":2,""hell_komachi"":2,""hourai_reisen"":1,""mtn_suwako"":3,""hourai_mokou"":2}","[""mtn_kanako"",""mtn_suwako"",""hourai_mokou"",""sage_kasen""]"
"comparison","2106097256","5","","","1","current","win","1","1","8","25","[""marisa"",""hourai_kaguya"",""haku_youmu"",""heaven_tenshi"",""hell_hecatia"",""heaven_iku"",""temple_nue"",""hourai_reisen"",""sage_yukari"",""palace_satori"",""temple_byakuren"",""mtn_kanako"",""sage_ran"",""mtn_suwako"",""mtn_nitori"",""temple_shou""]","{""heaven_tenshi"":1,""heaven_iku"":1,""marisa"":1,""haku_youmu"":1,""temple_nue"":1,""sage_yukari"":1,""palace_satori"":1,""mtn_nitori"":1,""mtn_kanako"":1,""mtn_suwako"":1}","{""heaven"":1,""hakugyokurou"":1,""mountain"":1}","{""marisa"":3,""hourai_kaguya"":7,""haku_youmu"":4,""heaven_tenshi"":1,""hell_hecatia"":6,""heaven_iku"":2,""temple_nue"":3,""hourai_reisen"":6,""sage_yukari"":1,""palace_satori"":1,""temple_byakuren"":3,""mtn_kanako"":3,""mtn_suwako"":2,""temple_shou"":1}","[""temple_byakuren"",""temple_shou""]"
"comparison","2106097256","5","","","2","current","win","1","0","6","25","[""palace_koishi"",""temple_murasa"",""sdm_remilia"",""yuuka"",""hourai_eirin"",""temple_shou"",""haku_yuyuko"",""sdm_patchouli"",""palace_satori"",""palace_yuugi"",""palace_utsuho"",""hell_clownpiece"",""sdm_sakuya"",""mtn_aya"",""hell_hecatia""]","{""temple_murasa"":1,""sdm_remilia"":1,""haku_yuyuko"":1,""palace_satori"":1,""palace_yuugi"":1,""palace_koishi"":1}","{""palace"":1}","{""palace_koishi"":5,""temple_murasa"":1,""sdm_remilia"":2,""yuuka"":3,""hourai_eirin"":5,""temple_shou"":4,""haku_yuyuko"":2,""sdm_patchouli"":2,""palace_satori"":2,""palace_yuugi"":1,""palace_utsuho"":4,""hell_clownpiece"":4,""sdm_sakuya"":2,""mtn_aya"":1}","[""palace_utsuho"",""hell_clownpiece"",""hourai_eirin"",""sdm_sakuya"",""mtn_aya"",""hell_hecatia""]"
"comparison","2106097256","5","","","3","baseline","win","1","0","2","25","[""palace_rin"",""medicine"",""sdm_patchouli"",""palace_utsuho"",""temple_byakuren"",""hell_eiki"",""reimu"",""hell_komachi"",""heaven_tenshi"",""sage_matara"",""mtn_sanae"",""sdm_flandre"",""yuuka"",""sage_kasen""]","{""palace_rin"":1,""sage_matara"":1,""mtn_sanae"":1,""medicine"":1,""sage_kasen"":1}","{""sunflower"":1}","{""palace_rin"":3,""medicine"":7,""sdm_patchouli"":1,""palace_utsuho"":3,""temple_byakuren"":5,""hell_eiki"":8,""reimu"":7,""hell_komachi"":6,""heaven_tenshi"":5,""sage_matara"":1,""mtn_sanae"":1,""sdm_flandre"":2,""yuuka"":2,""sage_kasen"":1}","[""hell_eiki"",""reimu"",""hell_komachi"",""heaven_tenshi"",""sdm_flandre"",""yuuka""]"
"comparison","2106097256","5","","","1","baseline","win","1","1","7","34","[""marisa"",""hourai_kaguya"",""haku_youmu"",""heaven_tenshi"",""hell_hecatia"",""heaven_iku"",""reimu"",""sage_kasen"",""hell_eiki"",""palace_utsuho"",""hell_komachi""]","{""heaven_iku"":1,""heaven_tenshi"":1,""marisa"":1,""palace_utsuho"":1,""hell_eiki"":1,""sage_kasen"":1}","{""heaven"":1,""hakugyokurou"":1}","{""marisa"":8,""hourai_kaguya"":11,""haku_youmu"":6,""heaven_tenshi"":7,""hell_hecatia"":6,""heaven_iku"":6,""reimu"":5,""sage_kasen"":6,""hell_eiki"":3,""palace_utsuho"":1,""hell_komachi"":1}","[""hell_komachi""]"
"comparison","2106097256","5","","","2","baseline","win","1","0","6","34","[""palace_koishi"",""temple_murasa"",""sdm_remilia"",""yuuka"",""hourai_eirin"",""temple_shou"",""temple_nue"",""sdm_patchouli"",""sdm_meiling"",""hourai_mokou"",""sdm_sakuya"",""sage_matara"",""sage_yukari"",""hell_komachi"",""sage_ran"",""haku_youmu"",""haku_yuyuko"",""hell_clownpiece"",""sdm_flandre"",""reimu"",""mtn_aya"",""hourai_reisen""]","{""temple_murasa"":1,""temple_nue"":1,""sdm_remilia"":1,""sdm_patchouli"":1,""hourai_mokou"":1,""sage_ran"":1,""palace_koishi"":1,""temple_shou"":1,""haku_yuyuko"":1}","{""palace"":1}","{""palace_koishi"":9,""temple_murasa"":1,""sdm_remilia"":3,""yuuka"":11,""hourai_eirin"":4,""temple_shou"":10,""temple_nue"":2,""sdm_patchouli"":3,""sdm_meiling"":7,""hourai_mokou"":3,""sdm_sakuya"":6,""sage_matara"":1,""sage_yukari"":3,""hell_komachi"":1,""haku_youmu"":2,""haku_yuyuko"":1,""hell_clownpiece"":1,""sdm_flandre"":1,""reimu"":1,""mtn_aya"":1,""hourai_reisen"":1}","[""sdm_meiling"",""sdm_sakuya"",""sage_yukari"",""haku_youmu"",""hell_clownpiece"",""sdm_flandre"",""mtn_aya"",""hourai_reisen""]"
"comparison","2106097256","5","","","3","current","win","1","0","5","34","[""palace_rin"",""medicine"",""sdm_patchouli"",""palace_utsuho"",""temple_byakuren"",""hell_eiki"",""haku_yuyuko"",""palace_yuugi"",""temple_murasa"",""mtn_sanae"",""mtn_kanako"",""sage_ran"",""mtn_nitori"",""palace_satori"",""sage_matara"",""hell_hecatia"",""mtn_suwako"",""temple_shou""]","{""palace_yuugi"":1,""palace_rin"":1,""temple_murasa"":1,""mtn_sanae"":1,""mtn_nitori"":1,""palace_satori"":1,""sage_matara"":1,""mtn_kanako"":1,""mtn_suwako"":1,""hell_hecatia"":1}","{""mountain"":1}","{""palace_rin"":2,""medicine"":1,""sdm_patchouli"":2,""palace_utsuho"":7,""temple_byakuren"":11,""hell_eiki"":1,""haku_yuyuko"":1,""temple_murasa"":1,""mtn_sanae"":1,""mtn_kanako"":5,""sage_ran"":1,""palace_satori"":1,""sage_matara"":1,""hell_hecatia"":3,""mtn_suwako"":1}","[""temple_byakuren"",""temple_shou""]"
"comparison","2106097256","5","","","1","current","win","1","1","8","30","[""marisa"",""hourai_kaguya"",""haku_youmu"",""heaven_tenshi"",""hell_hecatia"",""heaven_iku"",""temple_nue"",""hourai_reisen"",""sage_yukari"",""palace_satori"",""hell_eiki"",""palace_utsuho"",""sdm_sakuya"",""sage_kasen"",""sdm_patchouli""]","{""heaven_tenshi"":1,""heaven_iku"":1,""marisa"":1,""haku_youmu"":1,""temple_nue"":1,""sage_yukari"":2,""palace_satori"":1,""sdm_sakuya"":1,""sdm_patchouli"":1,""sage_kasen"":1}","{""heaven"":1,""hakugyokurou"":1,""sdm"":1}","{""marisa"":3,""hourai_kaguya"":12,""haku_youmu"":4,""heaven_tenshi"":1,""hell_hecatia"":6,""heaven_iku"":2,""temple_nue"":3,""hourai_reisen"":10,""sage_yukari"":2,""palace_satori"":1,""hell_eiki"":6,""palace_utsuho"":6,""sdm_sakuya"":3,""sage_kasen"":5,""sdm_patchouli"":2}","[""hourai_kaguya"",""hourai_reisen"",""hell_eiki"",""palace_utsuho""]"
"comparison","2106097256","5","","","2","baseline","win","1","0","4","30","[""palace_koishi"",""temple_murasa"",""sdm_remilia"",""yuuka"",""hourai_eirin"",""temple_shou"",""haku_yuyuko"",""sdm_patchouli"",""palace_satori"",""palace_yuugi"",""palace_utsuho"",""hell_clownpiece"",""sage_matara"",""sdm_flandre"",""mtn_kanako"",""sage_ran""]","{""temple_murasa"":1,""sdm_remilia"":1,""haku_yuyuko"":1,""palace_satori"":1,""palace_yuugi"":1,""sdm_flandre"":1}","{}","{""palace_koishi"":9,""temple_murasa"":1,""sdm_remilia"":2,""yuuka"":3,""hourai_eirin"":3,""temple_shou"":4,""haku_yuyuko"":2,""sdm_patchouli"":2,""palace_satori"":2,""palace_yuugi"":1,""palace_utsuho"":1,""hell_clownpiece"":4,""sage_matara"":2,""sdm_flandre"":1,""mtn_kanako"":2}","[""palace_koishi"",""hell_clownpiece"",""mtn_kanako"",""sage_ran""]"
"comparison","2106097256","5","","","3","current","win","1","0","1","30","[""palace_rin"",""medicine"",""sdm_patchouli"",""palace_utsuho"",""temple_byakuren"",""hell_eiki"",""reimu"",""hell_komachi"",""heaven_tenshi"",""sage_matara"",""temple_shou"",""mtn_sanae"",""mtn_aya"",""yuuka"",""mtn_nitori"",""palace_satori""]","{""palace_rin"":1,""sage_matara"":1,""temple_byakuren"":1,""mtn_sanae"":1,""mtn_nitori"":1,""yuuka"":1}","{}","{""palace_rin"":3,""medicine"":5,""sdm_patchouli"":1,""palace_utsuho"":3,""temple_byakuren"":6,""hell_eiki"":5,""reimu"":4,""hell_komachi"":5,""heaven_tenshi"":3,""sage_matara"":1,""temple_shou"":1,""mtn_sanae"":1,""mtn_aya"":3,""yuuka"":2,""palace_satori"":1}","[""heaven_tenshi"",""medicine"",""reimu"",""mtn_aya""]"
"comparison","2106097256","5","","","1","baseline","win","1","1","7","25","[""marisa"",""hourai_kaguya"",""haku_youmu"",""heaven_tenshi"",""hell_hecatia"",""heaven_iku"",""reimu"",""sage_kasen"",""sage_yukari"",""hell_eiki""]","{""heaven_iku"":1,""heaven_tenshi"":1,""marisa"":1,""sage_kasen"":1}","{""heaven"":1,""hakurei"":1}","{""marisa"":8,""hourai_kaguya"":9,""haku_youmu"":6,""heaven_tenshi"":7,""hell_hecatia"":6,""heaven_iku"":6,""reimu"":5,""sage_kasen"":3,""sage_yukari"":2,""hell_eiki"":1}","[""hourai_kaguya"",""sage_yukari"",""hell_eiki""]"
"comparison","2106097256","5","","","2","current","win","1","0","0","25","[""palace_koishi"",""temple_murasa"",""sdm_remilia"",""yuuka"",""hourai_eirin"",""temple_shou"",""temple_nue"",""sdm_patchouli"",""sdm_meiling"",""hourai_mokou"",""sdm_sakuya"",""sage_matara"",""hourai_reisen"",""hell_clownpiece""]","{""temple_murasa"":1,""temple_nue"":1,""sdm_remilia"":1,""sdm_patchouli"":1,""sage_matara"":1,""sdm_meiling"":1}","{}","{""palace_koishi"":8,""temple_murasa"":1,""sdm_remilia"":3,""yuuka"":8,""hourai_eirin"":4,""temple_shou"":8,""temple_nue"":2,""sdm_patchouli"":3,""sdm_meiling"":4,""hourai_mokou"":4,""sdm_sakuya"":3,""sage_matara"":1,""hourai_reisen"":1}","[""palace_koishi"",""yuuka"",""hourai_mokou"",""sdm_sakuya"",""hourai_reisen"",""hourai_eirin"",""hell_clownpiece""]"
"comparison","2106097256","5","","","3","current","win","1","0","0","25","[""palace_rin"",""medicine"",""sdm_patchouli"",""palace_utsuho"",""temple_byakuren"",""hell_eiki"",""haku_yuyuko"",""palace_yuugi"",""temple_murasa"",""mtn_sanae"",""mtn_kanako"",""sage_ran"",""mtn_nitori"",""palace_satori"",""haku_youmu"",""hell_hecatia""]","{""palace_yuugi"":1,""palace_rin"":1,""temple_murasa"":1,""mtn_sanae"":1,""mtn_nitori"":1}","{}","{""palace_rin"":2,""medicine"":1,""sdm_patchouli"":2,""palace_utsuho"":8,""temple_byakuren"":8,""hell_eiki"":1,""haku_yuyuko"":1,""temple_murasa"":1,""mtn_sanae"":1,""mtn_kanako"":4,""sage_ran"":1,""palace_satori"":2,""haku_youmu"":1}","[""palace_utsuho"",""temple_byakuren"",""mtn_kanako"",""palace_satori"",""haku_youmu"",""hell_hecatia""]"